seed,species,vert_dist,met_dist,seed_dist,vert_ndist,met_ndist,seed_ndist,nfactor,n_dupl,n_sp,norm_leafno,norm_median,norm_mean,norm_width,norm_sum,norm_kurt,norm_skew,whole_leafno,whole_median,whole_mean,whole_width,whole_sum,whole_kurt,whole_skew,whole_D,whole_S
Phy0007YQE_HUMAN,HUMAN,1.1123111,1.1123111,1.6624861000000002,2.0546344817165583,2.0546344817165583,3.070904593539058,0.5413669000000001,5,20,26,0.5413669000000001,0.6381899076923077,1.7310299,16.5929376,-1.44267165200853,0.2245398229495632,27,1.0073786,1.1647282444444444,2.2812049,31.447662599999994,-1.4284182940389583,0.28692609819406123,5,21
Phy0008LM1_HUMAN,HUMAN,0.8406133,0.8406133,2.0912083,0.7846297331507724,0.7846297331507724,1.9519370088382857,1.0713503,2,22,25,1.0713503,1.122625716,1.7052546,28.065642899999997,-0.2788027131440036,0.7164047311462237,26,2.32180415,2.330042803846154,2.955849599999999,60.58111290000001,3.4848833254677976,-1.0968383201776564,2,23
Phy001R5Z0_HUMAN,HUMAN,0.5467629,2.2851049,2.5037814,0.8457733329899274,3.5347694357181414,3.8730344355042856,0.64646505,3,24,28,0.64646505,0.6699408428571428,0.8352405999999999,18.7583436,-0.8416874492024791,0.39330323678799467,32,2.5982626499999997,2.5008277999999997,4.5777125000000005,80.02648959999999,4.907980440013121,-1.087603636510746,3,28
Phy0024EDC_HUMAN,HUMAN,1.5276917,1.5276917,1.9478572,1.0022773607886786,1.0022773607886786,1.2779366239989554,1.5242205000000002,0,10,11,1.5242205000000002,1.4955082,1.737042,16.4505902,-0.8638365329463724,-0.010840505161773477,12,1.9441215500000002,1.791048016666667,2.1572075,21.492576200000002,5.281915758195863,-2.499598238650697,0,11
Phy00266WG_HUMAN,HUMAN,0.8134095,0.8134095,1.4538345000000001,1.1093577474654457,1.1093577474654457,1.9827928812087303,0.7332256,8,38,47,0.7332256,0.7030776191489363,1.2821796,33.0446481,-1.0676020004475317,0.17897632424979135,48,1.3695042499999999,1.3288551687499999,1.9226046000000003,63.78504810000001,-0.603287997093096,-0.06191199308745942,8,39
Phy0026G3X_HUMAN,HUMAN,0.0394375,0.0394375,0.05488895,0.3259678714494298,0.3259678714494298,0.453680740351041,0.12098585,2,1,4,0.12098585,0.12153862500000001,0.20474530000000002,0.48615450000000004,-1.982149785544087,0.0028367690508613965,5,0.06412305,0.11268235,0.22019675000000002,0.56341175,-1.7424181229583788,0.2962460374020627,3,1
Phy0007XWL_HUMAN,HUMAN,0.17806160000000001,0.9492776,7.6604851,0.05684243252332213,0.30303697104766647,2.445449256845184,3.1325471499999997,11,14,26,3.1325471499999997,2.740776438461538,4.104198,71.26018739999999,-1.257773139087125,-0.19858679994890463,150,7.6032058,7.056231445333333,9.447761499999999,1058.4347168000004,2.165834238349639,-1.4941420538520898,60,89
Phy00261U6_HUMAN,HUMAN,0.5566329999999999,0.5566329999999999,0.7534154999999999,2.5652673439074825,2.5652673439074825,3.472148037474831,0.2169883,1,7,9,0.2169883,0.28718313333333334,0.5598150000000001,2.5846482,-0.24236610580693796,1.3107475024855026,10,0.4087308,0.45524731999999996,0.7565975,4.5524732,-0.045592586604084495,0.8276987142033727,1,8
Phy0007XOA_HUMAN,HUMAN,0.530087,0.7458049999999999,2.17204,0.7108899041770399,1.0001853374724474,2.912882805027661,0.7456668,0,13,14,0.7456668,0.7403923285714287,0.914426,10.365492600000001,1.6157240144966405,-0.7978442338865764,113,7.6696357,6.171338777876106,12.002388700000001,697.3612819,-1.2837225477757095,-0.17077273265646262,34,78
Phy0008FHD_HUMAN,HUMAN,0.5230137,0.904142,1.9709185999999999,0.757967910827049,1.310311035506316,2.856317250680378,0.6900208999999999,5,38,44,0.6900208999999999,0.6957721159090909,1.0431449000000002,30.613973100000003,2.084851777182096,1.1808959846099891,150,2.3560402500000004,2.343836424,3.2465998999999988,351.5754636000002,4.142858803597334,-1.0964320595278407,46,103
Phy000828L_HUMAN,HUMAN,1.3862467000000003,1.3862467000000003,1.6086842000000003,1.062854101852219,1.062854101852219,1.2333999428491735,1.3042681,99,49,149,1.3042681,1.3410064355704698,2.6804485999999996,199.80995889999997,-0.4981852028484064,0.2811442354584521,150,1.5238003500000001,1.5545038926666668,2.9028861000000004,233.17558389999996,-0.4515561319526378,0.23016612802277417,100,49
Phy001R7NM_HUMAN,HUMAN,0.3590668,3.6987458,4.0457073,0.23315898796396178,2.4017698864499706,2.6270683328740287,1.5400083999999998,6,36,43,1.5400083999999998,1.5414057302325581,2.9073458000000003,66.28044640000002,-1.380886661849022,0.1648571520834321,71,4.170374600000001,3.7478666845070423,6.3845753,266.0985346,-1.4742565451774754,-0.31861633580228843,11,59
Phy0008218_HUMAN,HUMAN,2.6807037,2.6807037,2.7519102,1.0210756783361994,1.0210756783361994,1.0481981183468008,2.6253721999999997,27,121,149,2.6253721999999997,2.4799548919463086,3.3180682,369.51327890000016,4.342286498806885,-2.278176816120891,150,2.6953520500000003,2.5346283593333334,3.3892747000000005,380.1942539,4.025021823549255,-2.2283814268392033,28,121
Phy0024FOZ_HUMAN,HUMAN,2.1606091999999997,2.2981161999999995,7.213599249999998,1.4566423545647633,1.5493470048315199,4.863273837955799,1.4832805000000002,7,29,37,1.4832805000000002,1.7588119945945948,2.9540908999999997,65.0760438,-1.1129636226001396,0.4652138069883176,150,5.834653449999999,5.314786288666666,8.23022305,797.2179433000002,0.41752784309702484,-0.9442325341490949,62,87
Phy00087B9_HUMAN,HUMAN,1.1213323,7.1290493,15.051339299999999,1.2017020102771334,7.640012577159145,16.130120120657562,0.9331201000000001,4,30,35,0.9331201000000001,1.3373786628571427,2.6498378000000002,46.80825320000002,-1.4519195720749367,0.5661057088413073,107,13.4976294,13.4607947953271,15.821100000000003,1440.305043099999,8.932428248186056,-2.0207436417705367,15,91
Phy0024GD6_HUMAN,HUMAN,0.2397258,0.2397258,0.3992068,1.0071150037683976,1.0071150037683976,1.6771125923299453,0.2380322,0,5,6,0.2380322,0.2827380666666667,0.5186876,1.6964284,1.1732096403918808,1.7736511146931808,7,0.39581960000000005,0.4018279142857143,0.6781686,2.8127954,0.5343490296584856,0.3636495898068087,0,6
Phy001R6C5_HUMAN,HUMAN,0.2011014,1.4745356,5.0198576,0.8674381679626387,6.360316036883335,21.652838219810146,0.23183370000000003,10,50,61,0.23183370000000003,0.28007888524590163,0.6938046,17.084812,2.9531857073992827,1.7007787153335845,150,5.029679250000001,5.126944766,7.411228000000003,769.0417148999999,0.8534379198619382,0.3525687066253113,32,117
Phy0008DNR_HUMAN,HUMAN,4.4840676,4.4840676,4.5387976000000005,1.8913085097350522,1.8913085097350522,1.914392754659861,2.3708810999999996,52,96,149,2.3708810999999996,2.4429394711409396,4.680034099999999,363.9979811999999,5.7220842718805365,0.3197439749497597,150,2.42462965,2.4813832079999996,4.7347641,372.20748119999985,5.780808329606151,-0.10100843558601183,53,96
Phy000873J_HUMAN,HUMAN,2.0264737,2.0264737,2.8641186999999997,0.7164870964886053,0.7164870964886053,1.0126477789283517,2.8283464000000005,8,33,42,2.8283464000000005,2.7295019595238097,3.3967219999999996,114.63908230000001,-1.4782337159143002,-0.3186025654210542,43,3.5588880000000005,3.503670169767443,4.234367000000001,150.6578173,3.498330809881316,-1.4627535332804666,8,34
Phy0008G0A_HUMAN,HUMAN,0.9847061,1.4311941,2.6062754,0.6741464948844053,0.9798197513087822,1.784300336530312,1.4606708,70,46,117,1.4606708,1.4583958205128207,3.2796301000000003,170.63231100000002,-0.46171264704721127,0.5118364653751363,133,3.0454653,3.002167406766917,5.219722300000001,399.2882650999999,1.1546110123535982,-0.3239170137883158,77,55
Phy001R6XF_HUMAN,HUMAN,0.4663911,0.8537421000000001,2.0926561,0.6878580849718576,1.2591436799841424,3.0863591038737153,0.6780339,0,15,16,0.6780339,0.678714975,0.8234046,10.8594396,-0.7083920271995381,-0.2236515845943655,38,2.1910581999999996,2.534310828947368,6.572196999999999,96.30381150000002,4.765559832639789,2.1433940473792115,3,34
Phy0007YN8_HUMAN,HUMAN,0.6666202999999999,1.0044923,3.3948138,0.6581467916863959,0.991724051185793,3.3516618243439367,1.0128748,2,24,27,1.0128748,1.0670464481481483,1.7667059999999999,28.810254099999998,8.980413066746221,2.8632572721990375,30,3.39900475,3.1658799033333334,4.157027500000001,94.9763971,5.22264657579462,-2.5707609461596936,4,25
Phy003J1TP_HUMAN,HUMAN,0.20606170000000001,0.20606170000000001,0.21256160000000002,1.1407837051857455,1.1407837051857455,1.1767679759422074,0.1806317,0,2,3,0.1806317,0.1408315,0.20606170000000001,0.4224945,-1.5,-0.6466094244923021,4,0.11471630000000001,0.112123525,0.21256160000000002,0.4484941,-1.8820987316124436,-0.02954660810320508,0,3
Phy0024BKT_HUMAN,HUMAN,2.01446,3.0683000000000002,3.6896850000000003,0.7828926266994733,1.1924532859932657,1.4339461599354895,2.5730987,9,51,61,2.5730987,2.4647830540983606,3.4559700000000007,150.35176629999995,-0.5281857921553712,-0.4723833774599732,62,3.1638923500000002,3.0464134887096774,4.077354999999999,188.8776363,2.3348297051250455,-1.1695768129263315,10,51
Phy001R4HO_HUMAN,HUMAN,0.3894992,3.0158522000000003,5.6755582,0.19374810635086706,1.5001716377956527,2.8231859108674313,2.0103381,11,69,81,2.0103381,2.095313404938272,3.292995,169.72038579999997,-0.2650585103900758,0.6183063361527436,150,5.73342805,5.953208939333333,12.273990999999999,892.9813409000001,9.357715911260712,2.397890264762318,28,121
Phy00267CM_HUMAN,HUMAN,2.4137602,2.4137602,2.5127117,1.4295352127607281,1.4295352127607281,1.4881386538173391,1.6884929999999998,3,17,21,1.6884929999999998,1.6600277095238092,2.4838148,34.86058189999999,-1.3732994700100636,-0.11052437914202279,22,1.60775,1.6835234045454543,2.5827663000000003,37.03751489999999,-1.0361002367693886,-0.2626989704800234,3,18
Phy0008JW7_HUMAN,HUMAN,0.8045256999999999,2.178528,2.696618,0.6808194739798812,1.843551159410374,2.2819781248562716,1.1817019500000001,4,37,42,1.1817019500000001,1.1787705404761903,1.8726000000000003,49.508362700000006,0.23247463934285495,0.6127428239128617,104,2.9322225,3.0091628336538463,4.447308,312.95293469999984,3.5278511305551428,0.12109672331091602,19,84
Phy003J1GX_HUMAN,HUMAN,1.630909,3.1061140000000003,5.142547,0.7730337511100538,1.472265440190381,2.4375133116990306,2.10975135,2,31,34,2.10975135,2.2025532676470587,3.0351892000000005,74.8868111,-0.7278197470913037,0.5779454029557439,68,4.36149115,3.993754769117647,5.600696200000001,271.5753242999999,2.4061418777685377,-1.709765641609531,12,55
Phy0008F20_HUMAN,HUMAN,0.3812482,0.7144792,1.430276,0.507088532622506,0.9503106089872738,1.902373724217419,0.7518375500000001,0,11,12,0.7518375500000001,0.7857610666666667,1.0474375,9.4291328,0.7444966393026649,1.1968109927464665,29,1.7571659999999998,2.273096648275862,4.8177835,65.91980280000001,-0.45177146728748196,0.6688548275899755,0,28
Phy0008HRY_HUMAN,HUMAN,0.7377718999999999,2.1612229,3.1248528999999996,1.013440758299047,2.9687649727907304,4.2924558288936945,0.7279872,2,11,14,0.7279872,0.673383957142857,0.8444944999999999,9.427375399999999,-0.036945646509137564,-1.1304689447330634,57,3.7816720000000004,3.711586568421053,4.880231,211.56043440000008,2.4186828207341753,-0.9864767419108316,18,38
Phy0008JSW_HUMAN,HUMAN,1.5754604,1.5754604,1.5929395000000002,1.1972742650010344,1.1972742650010344,1.2105575418167382,1.3158726,121,27,149,1.3158726,1.2922683288590604,1.9462899000000002,192.54798099999996,8.570610019896245,-2.093005098864412,150,1.331927,1.3011323066666667,1.9637690000000003,195.1698459999999,8.009751207223255,-2.173285719963423,122,27
Phy0026I8T_HUMAN,HUMAN,0.31805,1.214637,1.42915,0.41375915379520756,1.580151477089607,1.8592167729804145,0.7686839000000001,2,16,19,0.7686839000000001,0.7896447842105264,1.58237,15.003250900000001,8.955579865657587,2.908536275854883,23,1.5821109,1.7950111695652178,4.891436000000001,41.28525690000001,4.6231000907034066,2.2129459072630624,2,20
Phy0008GLN_HUMAN,HUMAN,0.7682164,0.7682164,0.9879819000000001,0.9966275994047347,0.9966275994047347,1.2817352366498929,0.7708159,0,9,10,0.7708159,0.74614665,1.0385954999999998,7.4614665,-0.9412589494871368,-0.30783765092454196,11,0.9879819000000001,0.8980806363636366,1.2583609999999998,9.878887,0.10209152745215233,-0.8742692996238445,0,10
Phy0008J8D_HUMAN,HUMAN,0.5879898000000001,2.9639418,3.0337018000000002,0.3749546244424726,1.8900730667238548,1.9345582509925392,1.56816255,0,13,14,1.56816255,1.554854185714286,1.6413734,21.7679586,2.5382325027285964,-1.5865454302169946,16,3.0339509500000004,2.66113194375,3.1124234,42.5781111,3.1082040568463807,-2.2531648727236044,0,15
Phy0024846_HUMAN,HUMAN,0.9382325,0.9382325,1.5456975000000002,0.9464246571901723,0.9464246571901723,1.5591937249639152,0.9913441000000001,2,10,13,0.9913441000000001,1.2354728000000001,2.031783,16.061146400000002,-0.9714580827501895,0.9177936578826439,14,1.59416725,1.7546897428571426,2.6392479999999994,24.565656399999998,-0.09215481061429953,0.07590438285801013,2,11
Phy0008AAM_HUMAN,HUMAN,0.456818,0.456818,0.6458275,0.42811466685734884,0.42811466685734884,0.6052480966376422,1.0670459,3,22,26,1.0670459,1.334161673076923,2.999523,34.6882035,-1.5671166720501684,0.24472405737870276,27,0.7239123000000001,1.4737577777777777,3.1885325,39.79146,-1.530990955638325,0.2801880146705849,4,22
Phy00081AD_HUMAN,HUMAN,0.6696615,3.3727205,5.9400805,0.6803874682431187,3.426741364236506,6.035222769347376,0.9842355,2,22,25,0.9842355,1.007746112,1.6079400000000001,25.1936528,2.055856041624107,1.3440766282690888,31,5.9400805,5.881026248387095,6.683776,182.31181369999996,16.860106429853616,-3.8173756178646188,3,27
Phy00085OC_HUMAN,HUMAN,0.026755599999999997,0.026755599999999997,0.7423774500000001,0.20697631062072935,0.20697631062072935,5.742892915465361,0.1292689,43,20,64,0.1292689,0.182668690625,0.9310076,11.690796200000003,3.5317626623234952,1.8995927654739282,106,0.8661366500000001,0.9425430377358491,3.5818625500000003,99.909562,20.189087742991564,2.976876208783086,56,49
Phy00086T7_HUMAN,HUMAN,1.1976676999999998,1.3914316999999998,3.4886966999999998,0.8948540544231932,1.039627517881593,2.606628187975525,1.33839445,22,55,78,1.33839445,1.2863240628205128,2.0762848999999997,100.3332769,0.07677771581338977,-0.2627870588146538,84,3.43565945,3.3002895333333333,4.1735499,277.22432080000004,14.71911697344946,-3.5207032211134854,25,58
Phy0024DH8_HUMAN,HUMAN,0.9346009,2.4019649,2.6527854,0.6152978595739688,1.581342219702337,1.7464707968172026,1.5189406,2,24,27,1.5189406,1.5528892518518516,2.5536778,41.928009800000005,7.564035094955267,2.2164495646448756,30,2.7320871,2.6280532266666667,3.8052093000000005,78.84159680000002,6.786762165756167,-2.4204152963445162,2,27
Phy0008BZR_HUMAN,HUMAN,0.1117673,0.1117673,0.1703848,0.9126915947378307,0.9126915947378307,1.3913620068757706,0.122459,0,6,7,0.122459,0.2191632571428571,0.5984335,1.5341427999999997,1.1141438461397177,1.5992221406478566,8,0.17663725000000002,0.25038535,0.6570509999999999,2.0030828,1.2961521009256973,1.486831293466477,0,7
Phy00088GP_HUMAN,HUMAN,2.5881849,2.5881849,2.7025563999999997,1.5278174249296372,1.5278174249296372,1.5953314462869752,1.6940407,101,47,149,1.6940407,1.8105327140939598,2.8097266000000003,269.7693744000002,3.287811302072349,-0.3928889935131169,150,1.804747,1.912833996,2.9240981,286.92509939999997,3.9689629654969583,-0.7473051095295374,102,47
Phy001R7J5_HUMAN,HUMAN,0.1503164,0.5027609,1.5578394000000002,0.38455063074900264,1.2862004492586054,3.985380995524427,0.39088845,3,14,18,0.39088845,0.5133509777777777,1.4985708,9.2403176,5.452416676557112,2.531243421001662,38,1.7021450500000004,2.0899420236842103,4.497466500000001,79.41779690000001,0.22574188361049918,0.43394257917368867,8,29
Phy0008BHY_HUMAN,HUMAN,1.408294,1.408294,1.7448255,1.0,1.0,1.2389639521293139,1.408294,5,9,15,1.408294,1.2534339533333332,1.9655832,18.8015093,-1.2696196437181169,-0.3819929424313273,16,1.7190165,1.5116258312500002,2.3021147,24.1860133,-1.211274066763896,-0.38471792056416504,5,10
Phy0008AYM_HUMAN,HUMAN,1.2227120999999999,1.2227120999999999,2.5222752,0.6512666296854,0.6512666296854,1.3434672550006403,1.8774370500000002,9,44,54,1.8774370500000002,1.9891028555555559,3.338324,107.41155420000001,-0.9135437072997865,0.6853986132230333,150,2.3284654,2.2105237233333335,4.6378870999999995,331.5785585000001,-0.3481298861261375,0.504675758138127,37,112
Phy00085A2_HUMAN,HUMAN,3.7902473000000003,5.3751513,6.3523863,0.7861666146323317,1.114904692540135,1.317601105423333,4.821175599999999,34,114,149,4.821175599999999,4.702006568456376,7.025432999999999,700.5989786999993,3.103911425218479,-0.6836532458738453,150,5.7961589,5.647894858000001,8.002668,847.1842287000005,7.559325154702703,-1.5959030517684327,35,114
Phy001R73G_HUMAN,HUMAN,1.5242802,1.5242802,1.6189102,0.9937593734573157,0.9937593734573157,1.0554537059758813,1.5338524,0,10,11,1.5338524,1.508849909090909,2.1129892,16.597348999999998,3.5248970701784375,-1.8333637008315955,12,1.6236963,1.4777424166666666,2.2076192,17.732909,0.8886579129421235,-1.4329646031907999,0,11
Phy0008KVI_HUMAN,HUMAN,3.9215530999999997,4.3873801,5.111820099999999,2.9073505931908343,3.252704173835785,3.7897875716689464,1.3488408,9,41,51,1.3488408,2.045044294117647,4.204727,104.29725899999998,-1.1995960257349807,0.8259184132684969,53,2.5063779999999998,3.16103879245283,5.394994,167.53505599999994,-1.0198096426911296,0.7511650450191092,9,43
Phy0008LRW_HUMAN,HUMAN,1.1965736,1.1965736,1.22061735,0.9926134688989321,0.9926134688989321,1.0125588781013737,1.2054779,80,68,149,1.2054779,1.2497095973154364,2.0790588999999997,186.20673000000005,-0.6206197193212915,0.12446119016645495,150,1.2279243499999999,1.26542195,2.10310265,189.81329249999996,-0.16558145216921671,-0.059130682487831425,81,68
Phy001RME4_HUMAN,HUMAN,0.2044835,1.0465255,1.21082,1.1986312812321402,6.134471489910462,7.09752487580416,0.17059749999999999,0,12,13,0.17059749999999999,0.19725292307692308,0.3846505,2.564288,2.069834675549423,1.6698485618463472,31,1.1551084999999999,1.3101470387096774,4.3048715,40.6145582,9.134446639367185,3.1289020545882744,1,29
Phy0008AAR_HUMAN,HUMAN,1.9648983,1.9648983,2.0042663,0.9773347572154912,0.9773347572154912,0.9969162870697638,2.010466,1,20,22,2.010466,1.837077640909091,2.2423841999999996,40.415708099999996,3.76144341664706,-2.2369957398293874,23,2.037507,1.7965726999999996,2.2817521999999997,41.3211721,2.0021456117052487,-1.8757655932680815,2,20
Phy001RMMG_HUMAN,HUMAN,0.6502475,0.6502475,2.0387975,0.9733263400259227,0.9733263400259227,3.0517846031380373,0.6680672999999999,0,10,11,0.6680672999999999,0.7545417909090908,1.005436,8.299959699999999,-1.006429509702308,0.7512390340569137,12,2.05514915,2.080213308333333,2.393986,24.9625597,3.008287584143442,-1.6611449852522622,0,11
Phy00088FI_HUMAN,HUMAN,0.0026563,0.0026564999999999996,9.120926899999997,0.007470172601680317,0.0074707350511477475,25.650302386894918,0.3555875,4,24,29,0.3555875,0.39631654482758616,0.8881730999999999,11.4931798,4.678105155528233,2.4322703339121796,150,2.8188248000000002,5.255949748666666,10.2409365,788.3924623000003,-1.7935523820624002,0.3228698469205211,47,102
Phy0008JON_HUMAN,HUMAN,1.5680009,1.5680009,1.5878154999999998,1.0042875624629035,1.0042875624629035,1.0169785987596158,1.5613067,0,10,11,1.5613067,1.4476163636363635,1.7212558999999998,15.923779999999999,4.832576227632808,-2.4507587081506452,12,1.5621988,1.3467962666666666,1.7410705,16.161555200000002,1.4410887878486012,-1.7496646411513133,0,11
Phy0008BDT_HUMAN,HUMAN,0.4257523,0.7974713,4.2228073,0.5194369005004624,0.9729507516696314,5.15201429404545,0.819642,4,38,43,0.819642,0.813758134883721,1.2770565,34.9915998,0.6495694821224118,0.3829559883639109,150,4.850676,4.803764237999999,7.8785735,720.5646356999999,0.5855234043143138,-0.578804016522854,51,98
Phy0007Y2V_HUMAN,HUMAN,0.6708581,1.0445151,2.7975521,0.3776975405788417,0.5880688991717665,1.5750403070502894,1.7761781,13,10,24,1.7761781,1.7769333916666668,2.4328945,42.64640140000001,-0.19008929762909954,-0.2942564246387926,62,2.8351185,2.9681275032258054,4.311227499999999,184.02390519999997,3.1678696751356066,-1.4526422778301211,28,33
Phy002621C_HUMAN,HUMAN,3.1638592,3.1638592,3.2469407,0.9766197205706132,0.9766197205706132,1.0022653091336526,3.2396020000000005,74,74,149,3.2396020000000005,3.193872004697987,4.347620899999999,475.88692869999994,16.537840253673593,-2.849572024729284,150,3.3216887500000007,3.255661024666667,4.4307023999999995,488.34915369999993,15.366869026700925,-3.0650160712360166,75,74
Phy000888G_HUMAN,HUMAN,0.0740702,0.7275315,0.8572275,0.26498505773793096,2.6027333061563693,3.0667188502534377,0.27952595,2,39,42,0.27952595,0.3676426904761905,0.6257029999999999,15.440993000000006,-1.3954388283275554,0.4764455912352956,122,4.32875505,4.147559318852459,8.000347000000001,506.0022369,-0.07718079918533194,-0.26607416480181584,23,98
Phy001R841_HUMAN,HUMAN,0.8825919,2.9268069,3.4524919,0.30155453713055,1.0,1.1796104143392583,2.9268069,0,14,15,2.9268069,3.0440286199999997,4.451802,45.6604293,0.17164014965681895,-0.08130608638836768,16,3.4514323,3.3794618312499995,4.977487,54.07138930000001,1.749195497690164,-1.1465323180954867,0,15
Phy00081U3_HUMAN,HUMAN,0.08045749999999999,0.08045749999999999,0.1112348,0.9030037648772696,0.9030037648772696,1.2484285888247848,0.08909985,0,5,6,0.08909985,0.09754598333333332,0.1505656,0.5852759,-1.0205120018756042,0.10716634078692693,7,0.1193294,0.11438814285714285,0.1813429,0.800717,-0.7622615258922951,-0.3156081566118954,0,6
Phy0008LP2_HUMAN,HUMAN,0.0110539,0.0110539,0.01627355,0.04568181259335897,0.04568181259335897,0.06725275797036855,0.24197595,1,0,2,0.24197595,0.24197595,0.472898,0.4839519,-2.0,0.0,3,0.01627355,0.16653695,0.47811765,0.49961085,-1.4999999999999998,0.7057726204263517,1,1
Phy00083GU_HUMAN,HUMAN,0.41358280000000003,0.9244561,4.861297899999999,0.5203012740111538,1.1629973166132213,6.115678627635738,0.794891,0,16,17,0.794891,0.7903603470588235,1.010374,13.4361259,0.323242878441965,0.6224315906582613,150,3.2273344999999996,3.202845450666666,5.802877799999999,480.42681760000005,-0.5717503551079393,-0.11843855270293512,15,134
Phy003J1TB_HUMAN,HUMAN,0.7791996999999999,0.7791996999999999,0.78471185,0.9185433726044568,0.9185433726044568,0.9250412560755384,0.8482993,0,6,7,0.8482993,1.0131921,2.2673223,7.0923447,0.153763704292472,0.5181378932943154,8,0.8263247,0.8920552374999999,2.27283445,7.1364418999999994,-0.1418091137402353,0.5167727320925708,1,6
Phy001R5N6_HUMAN,HUMAN,0.23231519999999997,0.8726772,2.7387932,0.12085596004595867,0.45398768920939786,1.42478615929282,1.9222485999999999,2,21,24,1.9222485999999999,1.9124856291666668,2.2627906,45.899655100000004,-0.641205138553822,-0.654548737715681,65,3.5220168000000003,3.4741291061538466,4.608428599999999,225.8183919,1.2597401235251189,-0.717484921527183,5,59
Phy0024AVH_HUMAN,HUMAN,2.4816041,3.9502481000000005,4.1341451000000005,1.3480481798228987,2.1458397659215116,2.245735642191579,1.8408867999999998,19,29,49,1.8408867999999998,2.0631965102040817,3.3650130000000003,101.09662900000001,-0.48958707147075753,0.600579346706833,76,3.28514305,2.823517578947368,5.017554,214.58733600000005,-1.2523596453063517,-0.2880379351207215,28,47
Phy00089HX_HUMAN,HUMAN,0.957602,1.431686,1.678863,2.041417059397736,3.0520698830003563,3.5790020996109675,0.46908690000000003,3,33,37,0.46908690000000003,0.6328452513513514,1.1347036,23.415274300000007,-1.3259594332045999,0.6383252771593062,41,1.1903479000000001,1.3394821,2.0049879999999995,54.918766100000006,0.49306739456452586,-0.2832728219030738,3,37
Phy0008ES8_HUMAN,HUMAN,0.3621859,0.3621859,5.576668499999999,1.240825006029644,1.240825006029644,19.105298481077877,0.2918912,0,9,10,0.2918912,0.28229279,0.3959306,2.8229279000000003,1.0900388590181729,-1.0878911885191083,31,1.6217996000000001,3.0277765677419346,5.6911811000000005,93.86107359999997,-1.6729058906118026,0.38566813579589504,6,24
Phy0008K3U_HUMAN,HUMAN,1.6490533,1.6490533,1.6490534000000001,0.8570266874889529,0.8570266874889529,0.8570267394597829,1.9241563000000002,76,72,149,1.9241563000000002,1.9915983805369133,3.7864516,296.7481587000001,-0.1963326958181133,0.012826857001924792,150,1.9156305500000002,1.978321158,3.7864516999999993,296.74817370000005,-0.162012954332456,-0.0365585654914127,77,72
Phy0008KHQ_HUMAN,HUMAN,0.504703,1.2732044,2.1900994000000003,0.9766006180004981,2.4636513036002428,4.2378436972289055,0.5167957,5,27,33,0.5167957,0.6203408575757575,1.1057387,20.4712483,-1.1174331454847843,0.30220155684906336,41,2.1900627,2.1246426390243904,2.7911351,87.11034820000003,0.49051531937045656,-0.9929075639503078,6,34
Phy0024HUY_HUMAN,HUMAN,0.7666709,1.1590009000000001,4.5315979,0.5705869744643892,0.8625745635219807,3.372595379908354,1.3436530000000002,3,25,29,1.3436530000000002,1.5934023241379311,2.4653,46.208667399999996,-1.5350634510998133,0.4769526715911695,65,5.314833,5.199196463076923,8.005317999999999,337.94777009999996,7.508653455099486,-0.4778549582241184,7,57
Phy0008LOD_HUMAN,HUMAN,0.8255248999999999,2.5186389,2.5936124,0.6244072092312964,1.9050379783945735,1.961746133292509,1.3220938000000002,6,43,50,1.3220938000000002,1.314650214,1.9476399,65.73251070000002,-0.5513733985847007,0.28705829195635185,83,2.9246779,3.21283543373494,5.149065500000001,266.665341,1.37674511190313,-0.5529575741362925,12,70
Phy0008EMH_HUMAN,HUMAN,0.667297,0.667297,0.930914,1.2255055049282606,1.2255055049282606,1.7096438791344584,0.54450755,1,2,4,0.54450755,0.476318525,0.667297,1.9052741,-1.2469158428384237,-0.5968767063967199,5,0.6965110999999999,0.64467182,0.930914,3.2233591,-1.589431915788103,-0.2431861492049747,1,3
Phy0008LGF_HUMAN,HUMAN,2.0178767,2.0178767,2.6746616999999997,0.9312255307617632,0.9312255307617632,1.234323812347236,2.1669044,10,40,51,2.1669044,2.5494546764705883,3.9794588,130.02218849999997,-1.1567430434579107,0.3172024951139743,52,2.8221240499999998,3.1572117019230768,4.6362438,164.1750085,-0.6873705021862682,0.07177634324002655,10,41
Phy003J1UP_HUMAN,HUMAN,0.9343779,3.5095669000000003,3.6521659000000004,0.6032060086007307,2.265669855490204,2.3577274412062783,1.54901955,3,34,38,1.54901955,1.6012046842105263,2.427517,60.845778,7.8212654520738365,2.5651348675701957,99,3.7151344,3.8891224151515154,5.1030298,385.02311910000003,7.830861226176392,-1.9682421129242438,10,88
Phy0024BO4_HUMAN,HUMAN,1.227316,1.227316,1.26281295,1.0238864514466994,1.0238864514466994,1.053499726408226,1.1986837000000001,14,6,21,1.1986837000000001,0.9256129619047619,1.3252222999999999,19.4378722,-0.8461725961902848,-0.9955223272255288,22,1.2298389,0.9190365954545456,1.36071925,20.218805100000008,-1.1324036957263202,-0.8430921752921998,15,6
Phy0008CS0_HUMAN,HUMAN,0.5893773,5.6288423000000005,5.7536703000000005,1.0,9.550490492253434,9.762286908572829,0.5893773,1,17,19,0.5893773,0.6569210368421053,1.0529913,12.4814997,-1.6162826524270162,0.15151961991954627,58,6.0513410499999996,6.091490129310345,10.496178999999998,353.30642749999987,1.6358966611626693,-0.6309222970776321,12,45
Phy001RMJG_HUMAN,HUMAN,1.3997647,1.3997647,2.0517097,0.6670187688223239,0.6670187688223239,0.97768494810222,2.0985386999999998,25,29,55,2.0985386999999998,2.073126027272727,4.1531707,114.0219315,-0.45749877840343167,0.6050341661963676,56,2.7302147,2.6880509196428575,4.8051157,150.5308515,-0.2609308695194432,0.4041851422913177,25,30
Phy003J1T0_HUMAN,HUMAN,1.5200639999999999,1.5200639999999999,1.52607685,1.0,1.0,1.003955655814492,1.5200639999999999,69,79,149,1.5200639999999999,1.55559718590604,2.2135795999999996,231.78398069999994,2.8944031755997726,-1.2139756797559063,150,1.52600685,1.551239388,2.2195924499999995,232.68590820000009,3.2962382524497347,-1.375851192844614,70,79
Phy001RF3S_HUMAN,HUMAN,1.2269921,2.0590391,4.7089981,0.6646274695714306,1.1153241710208535,2.5507332047367495,1.8461351,10,38,49,1.8461351,1.861437812244898,3.364986,91.2104528,1.412754021560045,0.9554354055839451,54,4.606446299999999,4.417520322222222,6.136920000000002,238.54609740000006,11.02215213497202,-2.966755136474787,12,41
Phy0008BIU_HUMAN,HUMAN,0.8214412999999999,1.4975204999999998,3.6993655,0.5277941210391971,0.9621898923704942,2.376923783203048,1.5563669,35,35,71,1.5563669,1.53575145915493,3.239575,109.0383536,10.24055309154352,1.9431834167587378,86,3.702116,3.5132546244186047,5.441420000000001,302.1398976999999,3.9222849959127712,-1.4765723852952972,37,48
Phy0026FWZ_HUMAN,HUMAN,2.2137259,3.0125697999999996,3.0572870999999995,1.5219685271013728,2.07118524533506,2.101929034896789,1.4545148999999997,122,26,149,1.4545148999999997,1.5179308818791946,3.2754966000000003,226.17170139999993,0.02018761191956786,0.6046915600734636,150,1.4921322999999997,1.5525286426666667,3.3202139000000006,232.87929640000007,0.08070865057810428,0.519112366221716,123,26
Phy001R6M6_HUMAN,HUMAN,2.2835537,2.2835537,2.6584667,0.9242232093682421,0.9242232093682421,1.075961833291943,2.4707816,125,23,149,2.4707816,2.5293771046979865,4.681404899999999,376.8771886000001,7.11128655132994,1.9382821656460687,150,2.8323839499999997,2.8874275906666664,5.056317899999999,433.11413860000005,8.061024603959249,0.8402632016785397,126,23
Phy0007XEU_HUMAN,HUMAN,0.8570723,1.3282573,2.5503613,0.6024498732993825,0.9336533710096335,1.7926898839837064,1.422645,0,10,11,1.422645,1.677040281818182,3.20389,18.4474431,2.839609311541629,2.0204611274783075,14,2.6437150000000003,2.784967221428572,4.425994,38.989541100000004,1.8045433619153721,-0.44273660653895985,0,13
Phy00082NO_HUMAN,HUMAN,0.24455539999999998,0.9610534,2.8718497,0.2279017104132613,0.8956077586447905,2.6762829963264414,1.073074,12,60,73,1.073074,1.1138060794520548,1.5157700000000003,81.3078438,-0.6347982401022385,0.5162291739298673,150,3.3823548499999996,3.3615517846666663,5.5698705,504.2327676999999,11.65283023324051,-1.4049110042643096,46,103
Phy0008BXA_HUMAN,HUMAN,0.4954237,0.4954237,1.0085637,1.002798958547764,1.002798958547764,2.041457903586525,0.4940409,2,20,23,0.4940409,0.5968212130434781,1.8132389999999998,13.7268879,7.753159993292261,2.7909071965207177,24,1.0071784,1.0850936625,2.3263789999999998,26.0422479,6.546399531987934,2.272742472520054,2,21
Phy0008ERM_HUMAN,HUMAN,2.1484896,2.1484896,2.3447686,0.9802902307343349,0.9802902307343349,1.0698463478308777,2.19168725,4,15,20,2.19168725,2.4602528949999996,3.8798996,49.2050579,-1.2731814917257678,0.14990401696751288,21,2.3744019,2.5393769952380953,4.0761786,53.32691690000001,-0.6384906599555769,-0.20267027017200392,5,15
Phy0024GXH_HUMAN,HUMAN,2.9368914,2.9368914,3.4364799,1.5331199031796632,1.5331199031796632,1.7939157476394458,1.9156305999999999,84,64,149,1.9156305999999999,1.7983530617449661,2.9777233,267.95460620000017,-0.6873592254156815,-0.04812794692088384,150,2.4103930499999997,2.2859525413333337,3.4773118000000007,342.89288119999975,-0.3531084959699138,-0.18245675509888035,84,65
Phy0008HCH_HUMAN,HUMAN,0.2733636,0.2733636,0.3377386,1.0,1.0,1.2354922162277642,0.2733636,0,6,7,0.2733636,0.3126684714285714,0.7129766,2.1886793,1.3077962481034708,1.6319754040099321,8,0.31057615,0.3379599125,0.7773515999999999,2.7036793,1.017925977845568,1.1153595352067882,0,7
Phy00088XP_HUMAN,HUMAN,0.7252109,2.8250319,3.2305973999999997,0.9230537090304022,3.5957211528731907,4.111927871539125,0.7856649,7,39,47,0.7856649,0.9898033680851063,2.42232,46.52075829999999,3.738645387658684,1.9862981465388034,52,3.01488945,3.2958713903846157,7.5889315,171.38531229999998,9.668644713332894,2.2890972968848513,7,44
Phy001R7JN_HUMAN,HUMAN,0.3785111,0.3785111,1.0706861,0.9525245248998587,0.9525245248998587,2.694385366028586,0.39737675000000006,0,7,8,0.39737675000000006,0.41131595,0.4943765,3.2905276,-0.9529307483624367,0.442127105032012,9,1.0741888,1.0577891777777777,1.1865515,9.5201026,2.8961720749711715,-2.003557140342298,0,8
Phy00087JV_HUMAN,HUMAN,0.44550769999999995,1.4433817,8.0442552,0.44699274399336913,1.4481930317092475,8.07106971491386,0.9966777,4,33,38,0.9966777,0.9617919605263155,1.6106009999999995,36.54809449999999,-0.9624975046539666,0.3012392390664853,145,8.4562199,8.337059831034482,9.716767900000004,1208.8736754999998,22.302098561295654,-4.476953052519584,21,123
Phy001R4TW_HUMAN,HUMAN,0.12814969999999998,0.6391931,1.7470028,0.8282765150903091,4.131329479021578,11.291492614005437,0.15471849999999998,1,8,10,0.15471849999999998,0.14929795,0.20052939999999997,1.4929795,-0.06186631560150069,-0.6472810206786869,26,1.75177035,1.5094129076923077,2.3651486999999998,39.2447356,-0.2692933545786458,-0.970199733888525,3,22
Phy003J1TG_HUMAN,HUMAN,1.503914,1.503914,1.7907905,1.0132963674616782,1.0132963674616782,1.2065859540737585,1.4841798,2,12,15,1.4841798,1.35261826,2.106589,20.2892739,0.17063557543020558,-0.41007746717404536,16,1.7366728999999999,1.5549561187499998,2.3934655,24.879297899999997,0.9117813647133732,-1.0003753504588633,3,12
Phy001RM96_HUMAN,HUMAN,1.2679714999999998,1.2679714999999998,5.501618499999999,1.0863739851106868,1.0863739851106868,4.713682613847141,1.1671593,3,23,27,1.1671593,1.1868189703703704,1.5255439999999996,32.04411220000001,1.0157481870345304,0.4147595769642,101,5.7453421,6.279169011881187,9.116904999999997,634.1960701999997,0.7807867893229159,0.2562901365210337,15,85
Phy000892R_HUMAN,HUMAN,0.2933438,0.5256898,1.2716948000000001,1.0835982205489434,1.9418734326095521,4.697580867096372,0.27071270000000003,1,12,14,0.27071270000000003,0.2448606642857143,0.38858479999999995,3.4280493,-0.1326848486900989,-0.5899488159301234,32,1.27536665,1.4350226125,2.3199051,45.9207236,1.0458371801227493,-0.24057657699774043,3,28
Phy0008HMK_HUMAN,HUMAN,0.331433,1.0723960000000001,3.4467359999999996,0.41632366406728943,1.347071148772467,4.329556080995655,0.7960945500000001,0,15,16,0.7960945500000001,0.9699559562500001,1.8125560000000003,15.519295300000003,0.36421048861663285,1.4493710503625394,26,3.4874771499999997,3.651990319230769,5.07838,94.95174830000002,3.989714501865522,-1.9839341366013206,2,23
Phy00248SV_HUMAN,HUMAN,0.17593509999999998,0.17593509999999998,0.5799346,0.24940321382441646,0.24940321382441646,0.8221074307967964,0.7054243499999999,24,5,30,0.7054243499999999,0.7916886900000001,1.9494513,23.7506607,-1.0995115033575202,0.5748398501961585,31,1.1003045,1.1701498451612906,2.3534508,36.27464520000001,-1.0572727599410874,0.5999776415928272,25,5
Phy00083U4_HUMAN,HUMAN,0.2377852,0.2377852,0.6390402,0.31793843269862027,0.31793843269862027,0.8544494763316338,0.747897,4,18,23,0.747897,0.5761570130434783,1.1821585000000001,13.2516113,-1.568429465036403,0.011207282459996295,24,0.93900365,0.9534054708333333,1.5834135,22.881731300000002,-1.5111495260889272,0.019641286194553347,5,18
Phy000868H_HUMAN,HUMAN,0.25349829999999995,1.0635583,1.4508288,0.3463524707222604,1.4531302378050153,1.9822544745862685,0.7319084499999999,0,13,14,0.7319084499999999,0.7605084714285714,1.2344,10.647118599999999,6.0920096941294375,2.6008895266548038,17,1.4381516,1.4412100882352943,1.9401925,24.5005715,5.316563576463324,-1.8714483601830312,0,16
Phy000866E_HUMAN,HUMAN,0.711325,0.711325,0.9363125,1.010564883500725,1.010564883500725,1.3302000245777563,0.7038884999999999,0,5,6,0.7038884999999999,0.8361299999999999,1.288914,5.01678,-1.405058228201002,0.4241642315032981,7,0.9214395,0.9416703571428571,1.5139015,6.5916925,-0.8397862104340033,-0.09071010701025517,0,6
Phy000835L_HUMAN,HUMAN,0.5821125,1.0133745,6.1603425000000005,0.7476011073146079,1.301466466231849,7.911664625716233,0.7786405000000001,3,22,26,0.7786405000000001,0.8814939807692307,1.767847,22.9188435,4.179374132872039,1.9237811522063544,150,6.5268519,6.633279092666666,9.169213,994.9918639,1.301586508865478,-0.794927690747444,22,127
Phy0008J8B_HUMAN,HUMAN,0.9552103999999999,0.9552103999999999,1.2871024,2.1801841404742714,2.1801841404742714,2.9376985841510646,0.4381329,3,5,9,0.4381329,0.8144264666666666,2.8815595000000003,7.329838200000001,2.9329662435808697,2.0836572629094787,10,0.75633255,1.0648758200000001,3.2134515,10.648758200000001,3.2611614479614195,2.0707694346888164,3,6
Phy0008311_HUMAN,HUMAN,0.9787139999999999,0.9787139999999999,1.8272339999999998,0.9854167058918055,0.9854167058918055,1.8397477804276912,0.9931980999999999,0,8,9,0.9931980999999999,1.0949277999999998,1.4124759999999996,9.8543502,-1.1683711006569293,0.7377617408716878,10,1.8383798,1.8339550199999999,2.260996,18.339550199999998,2.4166776908592693,-1.639789256706095,0,9
Phy0007XEJ_HUMAN,HUMAN,3.4129822,3.4129822,3.6538537,1.0195066726955184,1.0195066726955184,1.0914584401299277,3.3476801,1,16,18,3.3476801,3.1640982666666666,4.184273,56.95376879999999,7.355727384038907,-2.5239240701490275,19,3.5742909999999997,3.2384382789473682,4.4251445,61.5303273,3.2062587250411525,-2.0158509915685943,1,17
Phy00083ES_HUMAN,HUMAN,0.8636037,1.0321997,2.6542107,0.4810769906222977,0.5749946710478875,1.478548199867025,1.79514655,2,9,12,1.79514655,1.7488190333333329,1.8385398,20.985828399999995,1.3366898743398679,-1.6481551710486895,31,2.800833,3.3782360838709673,5.225134000000001,104.72531859999998,-0.7239264386270343,-0.22607841822710548,5,25
Phy0024E86_HUMAN,HUMAN,0.681998,1.272554,3.2930311,0.5729139758742025,1.0690118910240498,2.7663182885850084,1.1904021,4,24,29,1.1904021,1.2560396413793102,2.416699,36.4251496,6.222914370184084,2.237629433072025,43,3.4567905999999997,3.234850486046511,4.871871099999999,139.0985709,2.5663230134409707,-1.8141111146365878,8,34
Phy001R5P5_HUMAN,HUMAN,1.5257273,4.5402089000000005,4.545884300000001,0.32301179129666363,0.9612078184942059,0.9624093576685558,4.723441500000001,25,33,59,4.723441500000001,4.314419435593221,5.352956600000001,254.55074670000002,4.6712290970753125,-2.510155531736434,60,4.724365200000001,4.248187845,5.358632000000001,254.89127070000006,3.5368852680244984,-2.2907196499096734,26,33
Phy001RCFD_HUMAN,HUMAN,0.4932679,0.4932679,0.6851724,0.9534651474019089,0.9534651474019089,1.324408102294351,0.5173423500000001,0,5,6,0.5173423500000001,0.7194851,1.2814260000000002,4.3169106,-1.4446409518650756,0.5165713263123125,7,0.6907435000000001,0.8086060142857142,1.4733304999999999,5.6602421,-1.1321381745537278,0.43109123891232065,0,6
Phy001R4V5_HUMAN,HUMAN,0.4842928,3.0784928,5.5650948,0.338360278777243,2.1508469298361144,3.8881582132746666,1.4312932999999997,8,42,51,1.4312932999999997,1.4950491352941175,2.602985,76.24750590000001,-1.1643973407152777,0.2929641945286209,150,5.583433449999999,5.595454680666666,8.023596099999997,839.3182021000001,-0.3101800491192672,-0.11674872437058993,26,123
Phy001R8DB_HUMAN,HUMAN,0.0031007,0.0031007,4.2199097,0.013271516296524889,0.013271516296524889,18.061921615575017,0.2336357,0,12,13,0.2336357,0.3078346384615385,0.723429,4.0018503,-1.4538284070239773,0.3275888828359067,16,4.50256715,4.9088765875,7.943880999999999,78.54202539999999,2.4555830210406775,1.9886542039282535,1,14
Phy00086A7_HUMAN,HUMAN,2.4484232,2.4484232,2.5069367000000002,1.0052222698881264,1.0052222698881264,1.029245516069219,2.4357033,6,19,26,2.4357033,2.050539453846154,2.5868848,53.3140258,0.10085828016739873,-1.2150956658685161,27,2.4935894000000003,2.0331070481481484,2.6453983,54.893890299999995,0.17251839494335064,-1.2132045603235382,7,19
Phy001R5PK_HUMAN,HUMAN,0.7282903999999999,0.7282903999999999,1.6787003999999999,0.5913233301238957,0.5913233301238957,1.362992991268752,1.2316280499999999,1,18,20,1.2316280499999999,1.114501205,1.6706235000000003,22.290024100000004,-1.7725218742926423,-0.014949152144959767,21,2.045747,2.011839719047619,2.6210335000000002,42.2486341,-0.6539965966542987,-0.42925007699721124,1,19
Phy001R5N3_HUMAN,HUMAN,1.4476936999999999,1.4476936999999999,1.7035551999999998,1.068821175996344,1.068821175996344,1.25772176271727,1.354477,3,21,25,1.354477,1.2388754640000001,1.527402,30.971886599999998,-0.9656287361090978,-0.7119848718776124,26,1.5862436999999998,1.4470879076923073,1.7832635,37.62428559999999,3.357440418898501,-1.7219514062838759,4,21
Phy00262RV_HUMAN,HUMAN,0.0515565,0.0515565,0.06790705,0.40234964419372626,0.40234964419372626,0.5299501984375506,0.12813855,2,1,4,0.12813855,0.12872515,0.2168415,0.5149006,-1.9821554222827955,0.0028421101500777732,5,0.06790705,0.11933067,0.23319204999999998,0.59665335,-1.742367731268722,0.29618181040817165,3,1
Phy0026DZM_HUMAN,HUMAN,2.6014934999999997,2.6014934999999997,2.9987064999999995,1.4255004949400496,1.4255004949400496,1.6431552106241833,1.8249684999999998,60,88,149,1.8249684999999998,1.773066262416107,2.754409799999999,264.18687309999996,-0.08111635643792736,-0.012906246475486903,150,2.2203953999999997,2.1584588206666666,3.151622799999999,323.7688231,2.3770752655837537,-0.6196656665827548,60,89
Phy00086DS_HUMAN,HUMAN,0.4785576,0.9328996,4.402009800000001,0.6502660810401701,1.2676279028813717,5.981469443482714,0.7359412,4,30,35,0.7359412,0.7965148114285715,1.159573,27.878018399999995,0.6834463027291582,1.098687297071134,150,1.7217252,2.4865045520000004,5.080237199999999,372.97568280000024,-1.5195557017380854,0.3970833024274086,29,120
Phy00089BP_HUMAN,HUMAN,0.6930064,2.8705684,3.2941379,1.4082785285027455,5.83336581353142,6.694113754933755,0.4920947,0,10,11,0.4920947,0.556053,0.9519420000000001,6.116583,-0.8163362977896864,0.6271023741248608,25,2.2297905,2.518109292,4.0320635000000005,62.9527323,-0.9464635677331525,-0.22812534860077724,2,22
Phy0024FCK_HUMAN,HUMAN,0.2368569,0.2368569,0.36894740000000004,1.0130131076271014,1.0130131076271014,1.5779508733962966,0.23381425,0,3,4,0.23381425,0.327162025,0.6484293,1.3086481,-0.6873159029923528,1.125473273414803,5,0.3628621,0.39382012,0.7805198,1.9691006,-0.31122740664524473,0.831362543687846,0,4
Phy001RF4F_HUMAN,HUMAN,0.2645901,0.2645901,0.3855611,0.9283934823356532,0.9283934823356532,1.3528564080143777,0.28499779999999997,0,5,6,0.28499779999999997,0.33920991666666667,0.5630739,2.0352595,-1.248155077745222,0.2739223635393023,7,0.3863042,0.41172235714285715,0.6840449000000001,2.8820565,-1.0260192811390914,0.044624330411523264,0,6
Phy0008DJJ_HUMAN,HUMAN,2.2105376,2.6744925999999998,3.4124875999999995,0.9927108732617415,1.2010643404021109,1.532484018996494,2.2267688,46,102,149,2.2267688,2.2112421791946306,2.9177564,329.4750846999998,0.8247534522982369,-0.4083082357145988,150,2.95886995,2.9344955646666664,3.6557513999999998,440.1743347,9.97481404538736,-1.883456021541256,46,103
Phy0008088_HUMAN,HUMAN,0.48242469999999993,2.5236593,3.4482393,0.29734135033212045,1.5554515845482495,2.125314333470666,1.62246085,7,44,52,1.62246085,1.6347437000000002,2.2784559999999994,85.0066724,-0.3194340047148567,0.361173413441166,150,2.8057273,2.9151046660000004,3.9134206000000002,437.2656999000001,2.307388312280829,-0.05842259764307954,20,129
Phy0008EA8_HUMAN,HUMAN,0.5542762,1.3273481999999999,1.6064207,0.6942054588208771,1.66244259846637,2.0119680749468487,0.7984325,3,35,39,0.7984325,0.8352879564102563,1.1148244,32.57623029999999,0.1892041715199757,0.11465685854338097,43,1.6268033,1.6070233627906978,1.9459919,69.10200460000001,12.79942694321874,-3.2242879381884775,3,39
Phy00086CH_HUMAN,HUMAN,1.4766793,1.4766793,1.5503638,0.9975343323948258,0.9975343323948258,1.0473100816149485,1.4803293000000002,0,9,10,1.4803293000000002,1.3194948100000001,1.653648,13.194948100000001,0.00880916079489813,-1.298897217641903,11,1.5503638,1.2732252363636363,1.7273325,14.005477599999999,0.22079672318251164,-1.2653172791460765,0,10
Phy0008AQM_HUMAN,HUMAN,0.3374918,2.0095488,6.344965800000001,0.4458680568399803,2.6548604101821565,8.382477950463185,0.756932,4,27,32,0.756932,0.7916270249999999,1.022273,25.332064800000005,-0.7400590114627716,0.5475909472876714,150,5.744717100000001,5.696108514666666,8.927452000000002,854.4162772000001,-1.0216247067136888,-0.3062166448588827,24,125
Phy001R7P2_HUMAN,HUMAN,0.2258157,3.7084607000000003,8.1460777,0.042403077070121045,0.6963649776061409,1.5296490037331076,5.3254555,7,34,42,5.3254555,5.07981838095238,7.168459,213.35237199999997,-1.7011101001459492,-0.13844521109803878,141,8.651303,9.106082781560286,12.533800000000001,1283.9576722000002,2.74221782016532,-0.5232902815846645,36,104
Phy00087LD_HUMAN,HUMAN,0.3893762,1.5858092,3.1455291999999995,0.6373344500735215,2.5956666956109054,5.1486303550967,0.6109448499999999,5,46,52,0.6109448499999999,0.6542893038461537,0.9941319999999999,34.02304379999999,-0.043135401689645025,1.0240216629068326,150,3.2906954999999996,3.4625828593333328,4.5216107999999995,519.3874288999999,4.593994154638119,-0.17192249211989336,23,126
Phy0008BN7_HUMAN,HUMAN,1.2099576,3.8080296000000002,8.752946000000001,0.3358701625905891,1.0570647441710155,2.4297160463859617,3.6024563499999998,4,33,38,3.6024563499999998,3.590352076315789,5.276626000000001,136.4333789,7.356374245672933,2.0908438504809914,150,5.347446199999999,5.725752789333333,10.221542400000006,858.8629184000001,-0.30090361423436907,-0.17897648059142407,49,100
Phy0008792_HUMAN,HUMAN,2.6831375,2.6831375,2.9293125,0.7298680910596937,0.7298680910596937,0.7968327089060099,3.6761951,15,61,77,3.6761951,3.6103601220779216,5.456131300000002,277.9977294,0.26632354984620843,-0.6327519117110647,78,3.91044475,3.810248453846153,5.702306300000001,297.1993794,0.4728550796368123,-0.7513379179386526,16,61
Phy0008E2P_HUMAN,HUMAN,0.23771969999999998,1.8140087000000003,1.8878147000000003,0.5109920829660277,3.8993153875404363,4.057965603216254,0.4652121,1,13,15,0.4652121,0.56261464,1.349745,8.439219600000001,1.7681695068295005,1.6151549031129564,19,1.9466650000000003,1.9525482421052631,4.921019,37.0984166,2.7476435322658155,0.7574980213368,1,17
Phy0008EIF_HUMAN,HUMAN,1.2031996999999999,1.2031996999999999,1.4465947,1.4932517588094985,1.4932517588094985,1.7953213253456588,0.8057581,101,47,149,0.8057581,0.8533381342281878,1.3486374000000008,127.14738199999998,-0.6570511180495102,0.2977639110204273,150,1.04842325,1.0910442133333333,1.5920324,163.656632,0.24202412221890146,-0.015963574604276675,102,47
Phy0008A3C_HUMAN,HUMAN,0.1695266,0.3666007,5.1793804,0.4449336050633111,0.9621674183858662,13.593621256878002,0.3810155,1,15,17,0.3810155,0.4800545647058824,0.9465110000000001,8.1609276,0.696023654562905,1.3556022114236836,26,5.1937952,4.81869525,5.759290699999999,125.28607649999998,4.010859813705823,-2.3963583705947924,5,20
Phy00089A2_HUMAN,HUMAN,0.6788469,0.926633,3.0226249999999997,0.5913004872404463,0.8071312462251451,2.632816965423505,1.1480574000000001,5,35,41,1.1480574000000001,1.1434804634146343,1.5215026,46.882698999999995,-0.821967066421267,0.058538264275122064,150,3.36022275,3.4695652433333333,4.7562954,520.4347865000001,1.392143059341568,-0.1781608538510888,27,122
Phy001R7QI_HUMAN,HUMAN,0.44585620000000004,0.7469582,1.7518382,0.5949538315041054,0.9967465812147724,2.3376659318974484,0.7493963,1,22,24,0.7493963,0.7712815083333333,1.36728,18.5107562,4.960586685118721,2.080737001765906,25,1.7534727,1.745310248,2.37216,43.6327562,4.9071496403220705,-0.4506964292313223,1,23
Phy00089S0_HUMAN,HUMAN,0.0281373,0.1572509,0.61448415,0.23511839355443045,1.3140059278249294,5.134697579819658,0.1196729,5,14,20,0.1196729,0.24966645000000004,1.0491441,4.993329,3.4022761221935838,2.0094238697631313,63,0.6819286499999999,1.3969811801587302,3.5738578500000004,88.00981434999998,-0.796502929883613,1.0234535895330188,15,47
Phy0007ZN7_HUMAN,HUMAN,0.5915505999999999,0.5915505999999999,5.0451571,1.0107672100649108,1.0107672100649108,8.62052944635028,0.5852491,0,12,13,0.5852491,0.5741083923076923,0.6358687,7.4634091,-0.5802808972016176,-0.7664463116421758,15,5.0382346,4.470506706666668,5.089475200000001,67.05760060000001,2.894186636064367,-2.191991760388948,0,14
Phy00085W9_HUMAN,HUMAN,0.9327567,0.9327567,5.0680165000000015,1.0690281809964313,1.0690281809964313,5.808430494527567,0.8725277000000001,8,39,48,0.8725277000000001,0.8898321458333333,1.3368593,42.711943000000005,0.5663805651716856,0.5437460333211735,150,3.2926187999999996,3.563939491333334,6.651634500000001,534.5909237000003,-1.6215789600793764,-0.07060954413853292,33,116
Phy00088K0_HUMAN,HUMAN,0.076672,0.4632417,1.06122225,0.20510502095603947,1.2392163838977899,2.838872232695969,0.37381825,19,22,42,0.37381825,0.44372700952380956,1.1666537000000001,18.636534400000002,4.2598528687800705,1.8132866485944752,70,1.1382495499999998,1.1612556585714284,1.91575325,81.28789610000003,4.932534705658748,-1.4946600421037601,27,42
Phy00081PV_HUMAN,HUMAN,0.6347459,1.0999069,2.5762171000000005,0.7499342215715201,1.2995087086858597,3.0437272071985646,0.8464021,29,31,61,0.8464021,0.9016822295081967,1.5700251,55.00261599999998,-0.9543994487376946,0.5505855687825326,150,2.11476395,2.1055299413333333,3.2625781999999983,315.82949119999995,0.38579771759550097,-0.4260812944718684,69,80
Phy0008DQH_HUMAN,HUMAN,0.8098217000000001,1.5439457,1.9348997000000001,0.5696702543159914,1.0860908513183596,1.3611080120166394,1.4215621999999999,2,25,28,1.4215621999999999,1.3916901535714286,1.6200482999999999,38.96732430000001,2.6530092097306976,-1.4646319529586058,29,1.8125136,1.7346548379310347,2.0110023,50.30499030000001,11.792214473568057,-3.268800410674657,2,26
Phy001R7VT_HUMAN,HUMAN,0.618914,1.208463,4.767756,0.672397140991614,1.3128917203264894,5.179759228819535,0.920459,5,38,44,0.920459,0.8755948886363636,1.3565326,38.526175099999996,-1.4439844186316357,-0.024452427767716705,63,4.8558677,5.188111344444445,9.406156,326.85101470000006,2.927731344919523,0.3875392869418754,8,54
Phy0007ZIW_HUMAN,HUMAN,0.5840309,0.5840309,1.3140559,1.0010277989051837,1.0010277989051837,2.2522891943138115,0.5834312500000001,1,8,10,0.5834312500000001,0.61251045,0.8561070000000001,6.1251045,-0.3916053445393848,0.8516145937037035,11,1.3128566,1.286852681818182,1.586132,14.1553795,1.9506458880102064,-1.2584935797290322,1,9
Phy00085UB_HUMAN,HUMAN,1.7534509000000003,2.7684625,3.4276975,0.8392828394161903,1.3251144174138236,1.6406548312586207,2.08922525,21,68,90,2.08922525,1.9839847777777784,2.9064611000000005,178.55863000000005,0.4379500957209328,-1.044383098745691,95,3.5335673000000005,3.3371733463157893,4.351946099999999,317.0314679,1.7484528079767623,-1.3416756430705266,22,72
Phy000867H_HUMAN,HUMAN,1.4732313,4.4773442999999995,4.668740799999999,0.3304160805954091,1.0041780642877975,1.0471044407296224,4.4587155,57,91,149,4.4587155,4.319374493959732,5.3951986000000005,643.5867995999996,6.79972927973696,-2.346275105950754,150,4.64885975,4.4819751640000005,5.586595100000001,672.2962746,8.334580008026318,-2.605329320874304,57,92
Phy00087AF_HUMAN,HUMAN,2.0013331,2.0013331,2.0514776,1.297508627547339,1.297508627547339,1.3300184188329816,1.5424429999999998,38,110,149,1.5424429999999998,1.5347095724832218,2.228768,228.67172629999996,2.5092279554810064,-1.1620720307506198,150,1.59201165,1.5746226753333332,2.2789124999999997,236.19340129999992,2.7739640040025035,-1.2889819656178503,39,110
Phy00085Y5_HUMAN,HUMAN,0.6004938,0.7963578,3.0011789999999996,1.8093653476292246,2.3995288671327573,9.042939801597498,0.33188090000000003,1,22,24,0.33188090000000003,0.4618261416666667,0.7695152000000001,11.083827399999999,-1.4949795689468197,0.5901606024855477,150,3.0041060999999996,3.1157092146666665,4.484525799999998,467.35638220000044,3.6279796174790864,-0.5057103557182129,35,114
Phy0008FCY_HUMAN,HUMAN,0.1715728,0.8773086999999999,3.8814599000000003,0.3918718467273228,2.00377087987692,8.865244718341426,0.43782885,3,22,26,0.43782885,0.43361055384615377,0.6553197,11.2738744,2.7865244311125705,1.0062977511606623,126,4.7310837999999995,5.063999757936508,9.115443200000001,638.0639695000001,1.525059379680485,0.9230636413814172,22,103
Phy0007ZFQ_HUMAN,HUMAN,0.8049907,0.8049907,2.9835431999999997,0.500377214186983,0.500377214186983,1.8545519032984064,1.6087677,12,10,23,1.6087677,1.6291637782608697,2.5148306999999996,37.4707669,0.8855805702259647,0.35348781565508325,46,3.6319962500000003,3.4670204195652166,4.875927399999999,159.4829393,2.4053680915715656,-0.978717466845866,19,26
Phy00082PI_HUMAN,HUMAN,0.6507607,1.3546757,2.8355597,0.7124592429652444,1.4831123386606053,3.1043987709226384,0.9134005999999999,8,34,43,0.9134005999999999,0.906558430232558,1.2048134,38.982012499999996,0.28343420982118506,-0.3679972807942682,68,2.8833234,3.032481913235294,4.758519,206.20877009999995,4.47210427330178,0.41686484178445304,11,56
Phy001R6UR_HUMAN,HUMAN,0.3247879,2.2395019,3.1714669,0.49142374606244915,3.388501890039538,4.798621329523245,0.6609121,4,25,30,0.6609121,0.9241179333333335,1.966529,27.723538,-0.5690067364653744,0.8297387217640401,49,3.6199660000000002,3.560046459183673,4.523557,174.44227650000002,6.490955009140588,-1.7321673808332194,8,40
Phy0008GIQ_HUMAN,HUMAN,2.0842989000000003,2.0842989000000003,2.4750899000000004,0.938349931281577,0.938349931281577,1.1142837707109692,2.2212384000000003,42,106,149,2.2212384000000003,2.1484545644295303,2.6350738000000002,320.1197301000001,4.610709868604504,-2.0498456933142135,150,2.6078689000000006,2.5249225340000008,3.0258648,378.73838009999986,6.6119373282810265,-2.352329158501695,43,106
Phy0008FVM_HUMAN,HUMAN,0.9489036999999999,0.9489036999999999,1.1464457,0.7348631008197807,0.7348631008197807,0.8878463030795475,1.29126595,4,25,30,1.29126595,1.3364626900000003,1.9049169000000004,40.0938807,-0.8777551164266968,0.210887806705305,31,1.4853947,1.4908929903225803,2.1024588999999994,46.21768269999999,0.7077196563017139,-0.5114542631541409,5,25
Phy000830U_HUMAN,HUMAN,0.40444690000000005,1.6699929,2.5105729,0.1959702309997725,0.8091764194038326,1.216470075935231,2.06381805,5,40,46,2.06381805,3.8288599543478257,7.2912490000000005,176.1275579,-1.777494116460524,0.4418203876746511,47,2.9016872000000005,4.58797484893617,8.131829,215.6348179,-1.6996438114697734,0.4334749493804541,5,41
Phy0008HDK_HUMAN,HUMAN,1.0522989,1.0522989,1.1205244,0.8699825689141337,0.8699825689141337,0.9263876414229535,1.2095631999999998,5,28,34,1.2095631999999998,1.0171666470588236,1.8988333000000002,34.58366600000001,-0.47529859781601846,-0.796765351743889,35,1.2748513,1.0563302428571428,1.9670587999999998,36.9715585,-0.6428493976162479,-0.7494961132265707,6,28
Phy0008I1W_HUMAN,HUMAN,0.5578984,1.6569173999999998,5.6117904,0.4972946877472442,1.4769288118696444,5.002189564750469,1.1218667999999998,0,14,15,1.1218667999999998,1.1501004733333333,1.842804,17.251507099999998,7.618272938362928,2.852783758392409,28,5.53653555,4.485516228571429,6.3223590000000005,125.5944544,-0.03488546716516128,-1.1167386943049507,1,26
Phy00082YG_HUMAN,HUMAN,2.8705259,4.5697228999999995,5.4038179,0.8560934762731607,1.3628547866668155,1.6116117437428907,3.35305195,13,72,86,3.35305195,3.431795801162792,6.591352500000002,295.1344389000001,0.9308342648396537,0.7842055919959302,87,4.1851565,4.2264448724137935,7.4254475000000015,367.70070389999995,1.1044399033376298,0.5095463731728229,13,73
Phy0008GQZ_HUMAN,HUMAN,0.6610619,1.6580959,3.5059879999999994,0.42857847671668825,1.0749737884942185,2.272995912223936,1.5424524000000002,5,20,26,1.5424524000000002,1.563585153846154,2.2136229999999997,40.653214,-0.11000997536658597,-0.2164903570370723,143,3.0612504999999994,2.8530191181818174,4.2017541,407.9817338999999,1.0490424000792018,-0.9450134236376907,42,100
Phy0008EWH_HUMAN,HUMAN,0.161898,0.766707,2.31546345,0.2667383249878409,1.2632036278178393,3.814888647318481,0.6069544,2,11,14,0.6069544,0.6313950214285714,0.847379,8.8395303,1.72451273363113,1.4674787277953285,28,2.3773235,2.599344439285715,4.37290445,72.7816443,1.5056764886985015,-0.5774224894157796,3,24
Phy0008DV2_HUMAN,HUMAN,0.41255259999999994,0.6331566,1.4627761,0.2030980440952095,0.31170053725506264,0.7201189978180204,2.0312977500000002,1,16,18,2.0312977500000002,2.2579141222222225,5.113700000000001,40.6424542,1.0264577903465568,1.0513019923827707,31,1.7805806,2.2267313,5.6667955,69.0286703,1.6450474109920172,1.23096170019603,1,29
Phy003J1K3_HUMAN,HUMAN,2.9428084,2.9428084,3.1043884,0.9519568378023737,0.9519568378023737,1.0042256793117657,3.0913254500000003,0,11,12,3.0913254500000003,2.7949302916666667,4.011991499999999,33.5391635,2.6126006087513955,-1.632631443241746,13,3.2385029,2.7415156538461534,4.1735714999999995,35.639703499999996,0.7017675094979325,-1.3433854799114642,1,11
Phy0008D0P_HUMAN,HUMAN,2.7882435000000005,2.7882435000000005,3.9513435000000006,1.1210398594174746,1.1210398594174746,1.5886752938723434,2.4871939000000003,63,85,149,2.4871939000000003,2.5072173838926175,3.418211999999999,373.5753902,0.17399129203597763,-0.2787977065439695,150,3.6486116000000006,3.6536026013333336,4.5813120000000005,548.0403901999999,8.966036038976801,-1.721231657695693,63,86
Phy00081IS_HUMAN,HUMAN,0.5594367,1.0069128999999999,2.1268927499999997,0.41403476909010617,0.7452084392127816,1.5740968524690475,1.3511829,74,47,122,1.3511829,1.4349889893442624,4.77547,175.0686567,2.481838004654617,1.2290192908880717,138,2.84962115,2.8862985333333335,6.30034485,398.3091976,1.9048293014155968,0.24613641885490742,80,57
Phy001R4WP_HUMAN,HUMAN,0.6258659,0.6258659,0.9807584,0.7704483536047135,0.7704483536047135,1.2073252346293242,0.81233985,6,3,10,0.81233985,0.8024862299999999,1.0235408999999998,8.024862299999999,-0.834106461407508,0.002826894375951585,11,1.1665892,1.0844254363636365,1.3784333999999998,11.928679800000001,2.729829823977421,-1.7670917648685485,7,3
Phy00083V2_HUMAN,HUMAN,1.7074885,1.7074885,1.73310925,1.3525233999015642,1.3525233999015642,1.3728179224696682,1.26244655,3,18,22,1.26244655,1.2473677363636364,1.7886328999999999,27.4420902,4.196775558511568,-1.663615277115534,23,1.2791568500000001,1.2187551065217392,1.8142536499999997,28.031367449999998,2.4590837864877253,-1.6032175038986023,4,18
Phy0024I2T_HUMAN,HUMAN,2.1390444,2.1390444,2.3865203999999998,0.9991190512517584,0.9991190512517584,1.1147117833743734,2.14093045,0,11,12,2.14093045,1.7972276833333336,2.1932501,21.5667322,-0.11215050649680647,-1.217632406524825,13,2.3865203999999998,1.9064553999999996,2.4407261,24.783920199999997,-0.17515240793979325,-1.1310331172420445,0,12
Phy0007YOM_HUMAN,HUMAN,0.7098544,0.7098544,2.258681,0.5196690229949829,0.5196690229949829,1.6535314122548668,1.3659740500000002,2,11,14,1.3659740500000002,1.335415664285714,1.928748,18.695819299999997,-0.4430922872480627,0.2520288200778053,46,2.2454613,2.3929423760869564,3.844005,110.07534929999997,0.220869908432904,-0.06549035736645294,7,38
Phy00081ZS_HUMAN,HUMAN,0.5030656,3.1418216,4.4562716,0.13507984460164052,0.843621137072536,1.1965685493715015,3.7242092,21,93,115,3.7242092,3.6862045400000008,6.287532,423.9135220999999,-0.005363995746959116,0.2527618229670632,150,5.61696785,5.389558868666668,8.319747999999997,808.4338303000001,0.9747828318485898,-0.06002576754872703,28,121
Phy0008283_HUMAN,HUMAN,3.9412682000000006,3.9412682000000006,3.9943982000000005,1.9602041477603895,1.9602041477603895,1.9866285474930718,2.0106417,82,66,149,2.0106417,2.316962929530201,4.9966363,345.2274764999999,-0.1207538676657065,0.7268233333511704,150,2.0623628,2.3546465100000002,5.049766299999999,353.1969765,-0.11317027197537,0.6901036856064283,83,66
