seed,species,event_dist,event_ndist,seed_dist,seed_ndist,nfactor,norm_leafno,norm_median,norm_mean,norm_width,norm_sum,norm_kurt,norm_skew,norm_D,norm_S,whole_leafno,whole_median,whole_mean,whole_width,whole_sum,whole_kurt,whole_skew,whole_D,whole_S
Phy0007YQE_HUMAN,HUMAN,1.1123111,2.0546344817165583,1.6624861000000002,3.070904593539058,0.5413669000000001,26,0.5413669000000001,0.6381899076923077,1.7310299,16.5929376,-1.4426716520085299,0.2245398229495632,5,20,27,1.0073786,1.1647282444444444,2.2812049,31.447662599999994,-1.4284182940389585,0.28692609819406123,5,21
Phy00266WG_HUMAN,HUMAN,0.8134095,1.1093577474654457,1.4538345,1.9827928812087303,0.7332255999999999,47,0.7332255999999999,0.7030776191489363,1.2821796,33.0446481,-1.0676020004475315,0.17897632424979135,8,38,48,1.36950425,1.32885516875,1.9226046000000003,63.78504810000001,-0.6032879970930961,-0.06191199308745943,8,39
Phy0008LM1_HUMAN,HUMAN,0.8406133,0.7846297331507724,2.0912083,1.9519370088382857,1.0713503,25,1.0713503,1.122625716,1.7052546000000002,28.0656429,-0.2788027131440036,0.7164047311462237,2,22,26,2.32180415,2.3300428038461543,2.9558495999999987,60.58111290000001,3.4848833254677976,-1.0968383201776564,2,23
Phy001R5Z0_HUMAN,HUMAN,2.2851049,3.5347694357181414,2.5037814,3.8730344355042856,0.64646505,28,0.64646505,0.6699408428571428,0.8352405999999999,18.7583436,-0.8416874492024791,0.39330323678799467,3,24,32,2.59826265,2.5008278,4.5777125000000005,80.02648959999998,4.907980440013121,-1.087603636510746,3,28
Phy0024EDC_HUMAN,HUMAN,1.5276916999999999,1.0022773607886786,1.9478572,1.2779366239989554,1.5242205000000002,11,1.5242205000000002,1.4955082,1.7370419999999998,16.4505902,-0.8638365329463724,-0.010840505161773477,0,10,12,1.94412155,1.791048016666667,2.1572075,21.4925762,5.281915758195863,-2.4995982386506967,0,11
Phy0007XWL_HUMAN,HUMAN,0.9492775999999999,0.3030369710476665,7.6604851,2.4454492568451838,3.13254715,26,3.13254715,2.740776438461538,4.104198,71.26018739999998,-1.257773139087125,-0.19858679994890466,11,14,150,7.6032058000000005,7.0562314453333315,9.4477615,1058.4347168000004,2.1658342383496394,-1.4941420538520898,60,89
Phy0026G3X_HUMAN,HUMAN,0.0394375,0.3259678714494298,0.05488895,0.45368074035104106,0.12098585,4,0.12098585,0.121538625,0.2047453,0.4861545,-1.982149785544087,0.0028367690508613965,2,1,5,0.06412305,0.11268235,0.22019675,0.56341175,-1.7424181229583788,0.2962460374020627,3,1
Phy00261U6_HUMAN,HUMAN,0.5566329999999999,2.5652673439074825,0.7534154999999999,3.4721480374748315,0.21698829999999997,9,0.21698829999999997,0.2871831333333333,0.5598150000000001,2.5846482,-0.242366105806938,1.3107475024855026,1,7,10,0.4087308,0.45524732,0.7565975,4.5524732000000006,-0.045592586604084495,0.8276987142033727,1,8
Phy0008FHD_HUMAN,HUMAN,0.904142,1.310311035506316,1.9709186,2.856317250680378,0.6900208999999999,44,0.6900208999999999,0.6957721159090909,1.0431449000000002,30.613973100000006,2.084851777182096,1.1808959846099891,5,38,150,2.3560402500000004,2.343836424,3.2465998999999988,351.57546360000015,4.142858803597334,-1.0964320595278407,46,103
Phy0007XOA_HUMAN,HUMAN,0.7458049999999999,1.0001853374724474,2.17204,2.912882805027661,0.7456668000000001,14,0.7456668000000001,0.7403923285714287,0.9144260000000001,10.3654926,1.6157240144966405,-0.7978442338865764,0,13,113,7.669635700000001,6.171338777876106,12.0023887,697.3612819,-1.2837225477757097,-0.17077273265646262,34,78
Phy0008218_HUMAN,HUMAN,2.6807037,1.0210756783361994,2.7519102,1.0481981183468008,2.6253722,149,2.6253722,2.4799548919463086,3.3180682,369.51327890000016,4.342286498806885,-2.278176816120891,27,121,150,2.6953520500000003,2.5346283593333334,3.3892747000000005,380.1942539,4.025021823549255,-2.2283814268392037,28,121
Phy001R7NM_HUMAN,HUMAN,3.6987457999999998,2.4017698864499706,4.045707299999999,2.6270683328740287,1.5400083999999998,43,1.5400083999999998,1.541405730232558,2.9073458000000003,66.28044640000002,-1.3808866618490219,0.1648571520834321,6,36,71,4.1703746000000015,3.7478666845070414,6.3845753,266.0985346,-1.4742565451774754,-0.31861633580228843,11,59
Phy000828L_HUMAN,HUMAN,1.3862467000000005,1.062854101852219,1.6086842000000003,1.2333999428491735,1.3042681,149,1.3042681,1.3410064355704698,2.6804486,199.8099589,-0.4981852028484064,0.2811442354584521,99,49,150,1.52380035,1.5545038926666668,2.9028861000000004,233.1755839,-0.4515561319526378,0.23016612802277414,100,49
Phy001R6C5_HUMAN,HUMAN,1.4745356,6.360316036883335,5.019857599999999,21.652838219810143,0.23183370000000006,61,0.23183370000000006,0.28007888524590163,0.6938045999999999,17.084812,2.9531857073992827,1.7007787153335845,10,50,150,5.029679250000001,5.126944766,7.411228000000002,769.0417148999999,0.8534379198619382,0.3525687066253113,32,117
Phy0024FOZ_HUMAN,HUMAN,2.2981161999999995,1.54934700483152,7.213599249999998,4.863273837955799,1.4832805000000002,37,1.4832805000000002,1.7588119945945948,2.9540909,65.0760438,-1.1129636226001396,0.4652138069883176,7,29,150,5.8346534499999985,5.314786288666666,8.23022305,797.2179433000003,0.4175278430970248,-0.9442325341490948,62,87
Phy0008DNR_HUMAN,HUMAN,4.4840676,1.891308509735052,4.5387976000000005,1.9143927546598607,2.3708811,149,2.3708811,2.44293947114094,4.6800340999999985,363.99798119999986,5.7220842718805365,0.3197439749497597,52,96,150,2.42462965,2.481383208,4.7347641,372.2074811999999,5.780808329606152,-0.10100843558601184,53,96
Phy00087B9_HUMAN,HUMAN,7.1290493,7.640012577159145,15.0513393,16.130120120657562,0.9331201,35,0.9331201,1.337378662857143,2.6498378,46.80825320000002,-1.4519195720749367,0.5661057088413073,4,30,107,13.4976294,13.4607947953271,15.821100000000005,1440.305043099999,8.932428248186056,-2.0207436417705367,15,91
Phy0024GD6_HUMAN,HUMAN,0.2397258,1.0071150037683976,0.3992068,1.6771125923299453,0.2380322,6,0.2380322,0.2827380666666667,0.5186876,1.6964284,1.1732096403918808,1.7736511146931808,0,5,7,0.3958196000000001,0.4018279142857143,0.6781686,2.8127953999999997,0.5343490296584856,0.3636495898068087,0,6
Phy0008G0A_HUMAN,HUMAN,1.4311941000000001,0.9798197513087822,2.6062754,1.7843003365303116,1.4606708000000002,117,1.4606708000000002,1.458395820512821,3.2796301000000003,170.63231100000004,-0.4617126470472113,0.5118364653751363,70,46,133,3.0454653,3.002167406766917,5.219722300000001,399.2882650999998,1.1546110123535982,-0.3239170137883158,77,55
Phy000873J_HUMAN,HUMAN,2.0264737,0.7164870964886053,2.8641187,1.0126477789283517,2.8283464000000005,42,2.8283464000000005,2.7295019595238097,3.396722,114.6390823,-1.4782337159143002,-0.3186025654210542,8,33,43,3.5588880000000005,3.5036701697674437,4.2343670000000015,150.6578173,3.4983308098813164,-1.4627535332804666,8,34
Phy001R6XF_HUMAN,HUMAN,0.8537421000000001,1.2591436799841424,2.0926561,3.0863591038737157,0.6780339,16,0.6780339,0.678714975,0.8234046,10.8594396,-0.7083920271995381,-0.2236515845943655,0,15,38,2.1910582,2.534310828947368,6.572196999999999,96.30381150000002,4.765559832639789,2.1433940473792115,3,34
Phy0007YN8_HUMAN,HUMAN,1.0044923000000001,0.991724051185793,3.3948138,3.3516618243439367,1.0128747999999999,27,1.0128747999999999,1.0670464481481483,1.766706,28.8102541,8.980413066746221,2.863257272199037,2,24,30,3.39900475,3.1658799033333334,4.157027500000001,94.97639709999999,5.22264657579462,-2.5707609461596936,4,25
Phy0024BKT_HUMAN,HUMAN,3.0683,1.1924532859932655,3.689685,1.4339461599354897,2.5730987,61,2.5730987,2.4647830540983606,3.4559700000000007,150.35176629999995,-0.5281857921553712,-0.4723833774599732,9,51,62,3.16389235,3.046413488709677,4.077354999999999,188.8776363,2.334829705125045,-1.1695768129263315,10,51
Phy003J1TP_HUMAN,HUMAN,0.2060617,1.1407837051857457,0.2125616,1.1767679759422074,0.1806317,3,0.1806317,0.1408315,0.2060617,0.4224945,-1.5,-0.6466094244923021,0,2,4,0.1147163,0.112123525,0.2125616,0.4484941,-1.882098731612444,-0.029546608103205082,0,3
Phy001R4HO_HUMAN,HUMAN,3.0158522000000003,1.5001716377956529,5.6755582,2.8231859108674318,2.0103381000000002,81,2.0103381000000002,2.095313404938272,3.292995,169.72038579999997,-0.2650585103900758,0.6183063361527436,11,69,150,5.73342805,5.953208939333331,12.273991,892.9813409000002,9.357715911260714,2.3978902647623186,28,121
Phy00267CM_HUMAN,HUMAN,2.4137602000000005,1.429535212760728,2.5127117,1.4881386538173391,1.6884929999999998,21,1.6884929999999998,1.6600277095238092,2.4838147999999998,34.86058189999999,-1.3732994700100636,-0.1105243791420228,3,17,22,1.60775,1.6835234045454543,2.5827663000000003,37.03751489999999,-1.0361002367693886,-0.2626989704800234,3,18
Phy0008JW7_HUMAN,HUMAN,2.178528,1.8435511594103742,2.696618,2.281978124856272,1.18170195,42,1.18170195,1.1787705404761903,1.8726000000000005,49.508362700000006,0.2324746393428549,0.6127428239128617,4,37,104,2.9322225,3.0091628336538463,4.4473080000000005,312.9529346999998,3.5278511305551428,0.12109672331091602,19,84
Phy0008JSW_HUMAN,HUMAN,1.5754603999999999,1.1972742650010344,1.5929395000000002,1.2105575418167382,1.3158726,149,1.3158726,1.2922683288590604,1.9462899,192.547981,8.570610019896245,-2.093005098864412,121,27,150,1.331927,1.301132306666667,1.9637690000000003,195.16984599999992,8.009751207223255,-2.173285719963423,122,27
Phy003J1GX_HUMAN,HUMAN,3.1061140000000003,1.4722654401903807,5.142547,2.43751331169903,2.10975135,34,2.10975135,2.2025532676470587,3.0351892000000005,74.88681109999999,-0.7278197470913037,0.5779454029557439,2,31,68,4.36149115,3.993754769117647,5.600696200000002,271.5753242999999,2.4061418777685377,-1.709765641609531,12,55
Phy0008F20_HUMAN,HUMAN,0.7144792,0.9503106089872738,1.430276,1.902373724217419,0.7518375500000001,12,0.7518375500000001,0.7857610666666667,1.0474375,9.429132800000001,0.7444966393026649,1.1968109927464663,0,11,29,1.7571659999999998,2.2730966482758617,4.8177835,65.91980280000001,-0.451771467287482,0.6688548275899755,0,28
Phy0026I8T_HUMAN,HUMAN,1.2146370000000002,1.5801514770896068,1.42915,1.8592167729804143,0.7686839000000001,19,0.7686839000000001,0.7896447842105264,1.58237,15.0032509,8.955579865657588,2.908536275854883,2,16,23,1.5821108999999998,1.7950111695652178,4.8914360000000014,41.28525690000001,4.623100090703407,2.2129459072630624,2,20
Phy0008HRY_HUMAN,HUMAN,2.1612229,2.9687649727907304,3.1248529,4.292455828893695,0.7279872,14,0.7279872,0.673383957142857,0.8444944999999999,9.4273754,-0.03694564650913757,-1.1304689447330634,2,11,57,3.781672,3.7115865684210534,4.880231,211.56043440000008,2.4186828207341757,-0.9864767419108316,18,38
Phy0008J8D_HUMAN,HUMAN,2.9639417999999997,1.8900730667238548,3.0337018,1.9345582509925392,1.56816255,14,1.56816255,1.554854185714286,1.6413734,21.7679586,2.5382325027285964,-1.5865454302169946,0,13,16,3.0339509500000004,2.66113194375,3.1124234,42.5781111,3.1082040568463807,-2.2531648727236044,0,15
Phy0008GLN_HUMAN,HUMAN,0.7682164,0.9966275994047348,0.9879819,1.2817352366498929,0.7708159000000001,10,0.7708159000000001,0.74614665,1.0385954999999998,7.461466499999999,-0.9412589494871368,-0.307837650924542,0,9,11,0.9879819,0.8980806363636366,1.2583609999999998,9.878886999999999,0.10209152745215233,-0.8742692996238445,0,10
Phy0024846_HUMAN,HUMAN,0.9382325,0.9464246571901724,1.5456975000000002,1.5591937249639152,0.9913441,13,0.9913441,1.2354728,2.0317830000000003,16.061146400000002,-0.9714580827501896,0.917793657882644,2,10,14,1.59416725,1.7546897428571426,2.639248,24.5656564,-0.09215481061429953,0.07590438285801013,2,11
Phy0008AAM_HUMAN,HUMAN,0.456818,0.4281146668573488,0.6458275,0.6052480966376422,1.0670458999999999,26,1.0670458999999999,1.3341616730769228,2.999523,34.6882035,-1.5671166720501684,0.2447240573787028,3,22,27,0.7239123000000001,1.4737577777777775,3.1885325,39.79146,-1.530990955638325,0.2801880146705849,4,22
Phy00081AD_HUMAN,HUMAN,3.3727205000000002,3.426741364236506,5.9400805,6.035222769347375,0.9842354999999999,25,0.9842354999999999,1.007746112,1.60794,25.193652800000002,2.055856041624107,1.3440766282690888,2,22,31,5.9400805,5.881026248387094,6.683775999999999,182.3118137,16.860106429853616,-3.8173756178646183,3,27
Phy00085OC_HUMAN,HUMAN,0.0267556,0.20697631062072933,0.7423774500000001,5.742892915465361,0.1292689,64,0.1292689,0.182668690625,0.9310075999999999,11.690796200000005,3.5317626623234952,1.899592765473928,43,20,106,0.8661366500000001,0.9425430377358492,3.5818625500000003,99.909562,20.189087742991568,2.9768762087830867,56,49
Phy0024DH8_HUMAN,HUMAN,2.4019649,1.5813422197023368,2.6527854,1.7464707968172026,1.5189406,27,1.5189406,1.5528892518518516,2.5536778,41.92800980000001,7.564035094955268,2.216449564644876,2,24,30,2.7320870999999998,2.6280532266666667,3.805209300000001,78.84159680000002,6.786762165756168,-2.420415296344516,2,27
Phy00086T7_HUMAN,HUMAN,1.3914316999999998,1.039627517881593,3.4886967,2.606628187975525,1.33839445,78,1.33839445,1.2863240628205128,2.0762849,100.33327690000002,0.07677771581338977,-0.2627870588146538,22,55,84,3.43565945,3.3002895333333333,4.173549899999999,277.22432080000004,14.719116973449461,-3.520703221113485,25,58
Phy0008BZR_HUMAN,HUMAN,0.1117673,0.9126915947378308,0.1703848,1.3913620068757706,0.122459,7,0.122459,0.2191632571428571,0.5984335,1.5341427999999997,1.1141438461397175,1.5992221406478566,0,6,8,0.17663725000000002,0.25038535,0.6570509999999999,2.0030828,1.296152100925697,1.4868312934664767,0,7
Phy00088GP_HUMAN,HUMAN,2.5881849,1.5278174249296372,2.7025564,1.5953314462869752,1.6940407,149,1.6940407,1.81053271409396,2.8097266000000003,269.7693744000002,3.2878113020723485,-0.3928889935131169,101,47,150,1.804747,1.912833996,2.9240981,286.9250994,3.9689629654969583,-0.7473051095295374,102,47
Phy001R7J5_HUMAN,HUMAN,0.5027609000000001,1.2862004492586054,1.5578394000000002,3.9853809955244266,0.39088845,18,0.39088845,0.5133509777777777,1.4985708,9.2403176,5.452416676557112,2.531243421001662,3,14,38,1.7021450500000004,2.0899420236842103,4.497466500000002,79.41779690000001,0.2257418836104992,0.4339425791736887,8,29
Phy0008AYM_HUMAN,HUMAN,1.2227121,0.6512666296854001,2.5222752,1.3434672550006403,1.87743705,54,1.87743705,1.989102855555556,3.3383239999999996,107.4115542,-0.9135437072997864,0.6853986132230333,9,44,150,2.3284654,2.210523723333333,4.6378871,331.5785585000001,-0.3481298861261375,0.504675758138127,37,112
Phy0008BHY_HUMAN,HUMAN,1.4082940000000002,1.0,1.7448255000000001,1.238963952129314,1.4082940000000002,15,1.4082940000000002,1.2534339533333332,1.9655831999999998,18.8015093,-1.2696196437181169,-0.3819929424313273,5,9,16,1.7190165000000002,1.5116258312500002,2.3021147,24.1860133,-1.2112740667638962,-0.38471792056416493,5,10
Phy00085A2_HUMAN,HUMAN,5.3751513,1.114904692540135,6.3523863,1.317601105423333,4.821175599999999,149,4.821175599999999,4.702006568456376,7.025432999999999,700.5989786999993,3.1039114252184783,-0.6836532458738453,34,114,150,5.796158900000001,5.647894858000001,8.002668,847.1842287000004,7.559325154702702,-1.5959030517684327,35,114
Phy001R73G_HUMAN,HUMAN,1.5242802,0.9937593734573156,1.6189102,1.0554537059758813,1.5338524,11,1.5338524,1.508849909090909,2.1129892000000003,16.597348999999998,3.524897070178437,-1.8333637008315955,0,10,12,1.6236963,1.4777424166666666,2.2076192000000003,17.732909,0.8886579129421235,-1.4329646031908,0,11
Phy0008KVI_HUMAN,HUMAN,4.3873801,3.2527041738357854,5.111820099999999,3.7897875716689455,1.3488408,51,1.3488408,2.045044294117647,4.204727,104.29725899999998,-1.1995960257349807,0.8259184132684969,9,41,53,2.506378,3.16103879245283,5.3949940000000005,167.53505599999994,-1.0198096426911296,0.7511650450191092,9,43
Phy0008LRW_HUMAN,HUMAN,1.1965736,0.992613468898932,1.22061735,1.0125588781013737,1.2054778999999998,149,1.2054778999999998,1.2497095973154364,2.0790589,186.20673000000005,-0.6206197193212915,0.12446119016645495,80,68,150,1.22792435,1.26542195,2.10310265,189.8132925,-0.16558145216921671,-0.05913068248783144,81,68
Phy001RME4_HUMAN,HUMAN,1.0465255,6.134471489910463,1.21082,7.09752487580416,0.1705975,13,0.1705975,0.19725292307692308,0.3846505,2.564288,2.0698346755494232,1.6698485618463472,0,12,31,1.1551085,1.3101470387096774,4.3048715,40.614558200000005,9.134446639367184,3.1289020545882744,1,29
Phy0008BDT_HUMAN,HUMAN,0.7974713000000001,0.9729507516696314,4.2228072999999995,5.1520142940454505,0.819642,43,0.819642,0.8137581348837208,1.2770565,34.991599799999996,0.6495694821224118,0.3829559883639109,4,38,150,4.850676,4.8037642379999985,7.8785735,720.5646356999998,0.5855234043143138,-0.578804016522854,51,98
Phy001RMMG_HUMAN,HUMAN,0.6502475000000001,0.9733263400259228,2.0387975,3.0517846031380373,0.6680672999999999,11,0.6680672999999999,0.7545417909090908,1.005436,8.299959699999999,-1.006429509702308,0.7512390340569137,0,10,12,2.05514915,2.080213308333333,2.393986,24.962559699999996,3.0082875841434418,-1.6611449852522622,0,11
Phy0008AAR_HUMAN,HUMAN,1.9648983,0.9773347572154912,2.0042663,0.9969162870697638,2.010466,22,2.010466,1.837077640909091,2.2423842,40.4157081,3.76144341664706,-2.236995739829388,1,20,23,2.037507,1.7965726999999996,2.2817522,41.321172100000005,2.0021456117052487,-1.8757655932680812,2,20
Phy00088FI_HUMAN,HUMAN,0.0026565,0.007470735051147747,9.120926899999997,25.65030238689492,0.3555875,29,0.3555875,0.39631654482758616,0.8881730999999999,11.493179800000002,4.678105155528233,2.43227033391218,4,24,150,2.8188248,5.255949748666666,10.2409365,788.3924623000003,-1.7935523820624002,0.3228698469205211,47,102
Phy0008JON_HUMAN,HUMAN,1.5680009,1.0042875624629035,1.5878154999999998,1.0169785987596158,1.5613066999999998,11,1.5613066999999998,1.4476163636363637,1.7212558999999998,15.92378,4.832576227632809,-2.450758708150645,0,10,12,1.5621988000000002,1.3467962666666666,1.7410705000000002,16.161555200000002,1.4410887878486012,-1.7496646411513133,0,11
Phy0007Y2V_HUMAN,HUMAN,1.0445151,0.5880688991717665,2.7975521,1.5750403070502894,1.7761781000000003,24,1.7761781000000003,1.7769333916666668,2.4328945,42.64640140000001,-0.19008929762909954,-0.2942564246387926,13,10,62,2.8351185,2.968127503225805,4.311227499999998,184.0239052,3.1678696751356066,-1.4526422778301211,28,33
Phy002621C_HUMAN,HUMAN,3.1638592,0.9766197205706132,3.2469407,1.0022653091336526,3.2396020000000005,149,3.2396020000000005,3.1938720046979867,4.347620899999999,475.8869287,16.537840253673593,-2.8495720247292833,74,74,150,3.3216887500000007,3.255661024666667,4.4307024,488.34915369999993,15.366869026700925,-3.0650160712360166,75,74
Phy001R841_HUMAN,HUMAN,2.9268069,1.0,3.4524919,1.1796104143392585,2.9268069,15,2.9268069,3.04402862,4.451802,45.6604293,0.17164014965681895,-0.08130608638836767,0,14,16,3.4514322999999996,3.3794618312499995,4.977487,54.07138930000001,1.7491954976901642,-1.1465323180954867,0,15
Phy00081U3_HUMAN,HUMAN,0.08045749999999999,0.9030037648772696,0.1112348,1.2484285888247848,0.08909985,6,0.08909985,0.09754598333333332,0.1505656,0.5852759,-1.0205120018756042,0.10716634078692693,0,5,7,0.11932939999999999,0.11438814285714285,0.18134289999999997,0.800717,-0.7622615258922951,-0.3156081566118954,0,6
Phy000888G_HUMAN,HUMAN,0.7275315,2.6027333061563693,0.8572274999999999,3.0667188502534377,0.27952595,42,0.27952595,0.3676426904761905,0.6257029999999999,15.440993000000004,-1.3954388283275554,0.4764455912352956,2,39,122,4.32875505,4.147559318852459,8.000347000000001,506.0022369,-0.07718079918533194,-0.26607416480181584,23,98
Phy0008LP2_HUMAN,HUMAN,0.0110539,0.04568181259335897,0.01627355,0.06725275797036855,0.24197595,2,0.24197595,0.24197595,0.47289799999999993,0.48395190000000005,-2.0,0.0,1,0,3,0.01627355,0.16653695,0.47811765,0.49961085,-1.4999999999999998,0.7057726204263517,1,1
Phy00083GU_HUMAN,HUMAN,0.9244561,1.1629973166132213,4.8612978999999985,6.115678627635738,0.794891,17,0.794891,0.7903603470588235,1.0103739999999999,13.436125899999999,0.32324287844196503,0.6224315906582613,0,16,150,3.2273345,3.202845450666666,5.802877799999999,480.42681760000005,-0.5717503551079393,-0.11843855270293513,15,134
Phy0024AVH_HUMAN,HUMAN,3.950248100000001,2.145839765921512,4.1341451000000005,2.245735642191579,1.8408868,49,1.8408868,2.0631965102040817,3.3650130000000003,101.096629,-0.4895870714707575,0.600579346706833,19,29,76,3.28514305,2.823517578947368,5.0175540000000005,214.58733600000005,-1.2523596453063517,-0.2880379351207215,28,47
Phy001R5N6_HUMAN,HUMAN,0.8726771999999999,0.4539876892093978,2.7387932,1.4247861592928202,1.9222486,24,1.9222486,1.9124856291666668,2.2627906,45.8996551,-0.641205138553822,-0.654548737715681,2,21,65,3.5220168000000003,3.474129106153846,4.608428599999999,225.81839190000002,1.2597401235251189,-0.717484921527183,5,59
Phy003J1TB_HUMAN,HUMAN,0.7791996999999999,0.9185433726044568,0.78471185,0.9250412560755384,0.8482993000000001,7,0.8482993000000001,1.0131921,2.2673223,7.0923447,0.153763704292472,0.5181378932943154,0,6,8,0.8263246999999999,0.8920552374999999,2.27283445,7.1364419,-0.1418091137402353,0.5167727320925708,1,6
Phy00089HX_HUMAN,HUMAN,1.431686,3.0520698830003563,1.678863,3.5790020996109675,0.4690869,37,0.4690869,0.6328452513513514,1.1347036,23.41527430000001,-1.3259594332046,0.6383252771593062,3,33,41,1.1903479,1.3394821000000001,2.0049879999999995,54.918766100000006,0.4930673945645258,-0.2832728219030738,3,37
Phy0008K3U_HUMAN,HUMAN,1.6490533,0.8570266874889529,1.6490534,0.8570267394597829,1.9241563,149,1.9241563,1.9915983805369133,3.7864516000000004,296.7481587000001,-0.1963326958181133,0.012826857001924792,76,72,150,1.91563055,1.9783211580000002,3.7864516999999993,296.74817370000005,-0.162012954332456,-0.0365585654914127,77,72
Phy0008ES8_HUMAN,HUMAN,0.36218590000000006,1.240825006029644,5.5766684999999985,19.105298481077877,0.2918912,10,0.2918912,0.28229279,0.39593059999999997,2.8229279000000003,1.0900388590181729,-1.0878911885191085,0,9,31,1.6217996,3.0277765677419346,5.6911811000000005,93.86107359999995,-1.6729058906118026,0.38566813579589504,6,24
Phy0008KHQ_HUMAN,HUMAN,1.2732044,2.4636513036002428,2.1900994000000003,4.2378436972289055,0.5167957000000001,33,0.5167957000000001,0.6203408575757575,1.1057386999999999,20.4712483,-1.1174331454847843,0.30220155684906336,5,27,41,2.1900627,2.1246426390243904,2.7911351000000004,87.11034820000003,0.4905153193704566,-0.9929075639503078,6,34
Phy0024HUY_HUMAN,HUMAN,1.1590009,0.8625745635219807,4.5315979,3.3725953799083537,1.3436530000000002,29,1.3436530000000002,1.5934023241379311,2.4653,46.2086674,-1.5350634510998131,0.4769526715911695,3,25,65,5.314833,5.199196463076923,8.005317999999999,337.9477701,7.508653455099486,-0.4778549582241184,7,57
Phy0008LGF_HUMAN,HUMAN,2.0178767,0.9312255307617632,2.6746617,1.2343238123472358,2.1669044,51,2.1669044,2.5494546764705883,3.9794587999999997,130.02218849999997,-1.156743043457911,0.3172024951139743,10,40,52,2.82212405,3.1572117019230768,4.636243799999999,164.1750085,-0.6873705021862682,0.07177634324002655,10,41
Phy003J1UP_HUMAN,HUMAN,3.5095669000000003,2.265669855490204,3.6521659,2.3577274412062783,1.54901955,38,1.54901955,1.6012046842105263,2.427517,60.845778,7.8212654520738365,2.565134867570196,3,34,99,3.7151343999999997,3.8891224151515154,5.1030298,385.0231191,7.830861226176393,-1.968242112924244,10,88
Phy0008LOD_HUMAN,HUMAN,2.5186389,1.9050379783945732,2.5936124,1.961746133292509,1.3220938000000002,50,1.3220938000000002,1.314650214,1.9476398999999998,65.73251070000002,-0.5513733985847007,0.28705829195635185,6,43,83,2.9246779,3.2128354337349396,5.149065500000002,266.665341,1.3767451119031298,-0.5529575741362925,12,70
Phy0008EMH_HUMAN,HUMAN,0.667297,1.2255055049282606,0.9309139999999999,1.7096438791344584,0.54450755,4,0.54450755,0.476318525,0.667297,1.9052741000000002,-1.2469158428384235,-0.5968767063967199,1,2,5,0.6965110999999999,0.64467182,0.9309139999999999,3.2233591,-1.589431915788103,-0.2431861492049747,1,3
Phy001RMJG_HUMAN,HUMAN,1.3997647,0.6670187688223239,2.0517097,0.97768494810222,2.0985387,55,2.0985387,2.073126027272727,4.1531707,114.0219315,-0.4574987784034317,0.6050341661963676,25,29,56,2.7302147,2.688050919642857,4.8051157,150.53085149999998,-0.2609308695194432,0.4041851422913177,25,30
Phy0024BO4_HUMAN,HUMAN,1.227316,1.0238864514466994,1.26281295,1.053499726408226,1.1986837,21,1.1986837,0.925612961904762,1.3252223,19.437872199999997,-0.8461725961902848,-0.9955223272255288,14,6,22,1.2298388999999998,0.9190365954545456,1.36071925,20.218805100000008,-1.1324036957263202,-0.8430921752921998,15,6
Phy0008CS0_HUMAN,HUMAN,5.6288423000000005,9.550490492253433,5.7536703000000005,9.762286908572827,0.5893773,19,0.5893773,0.6569210368421053,1.0529913,12.481499699999999,-1.6162826524270162,0.15151961991954627,1,17,58,6.05134105,6.091490129310344,10.496178999999998,353.30642749999987,1.6358966611626693,-0.6309222970776321,12,45
Phy003J1T0_HUMAN,HUMAN,1.520064,1.0,1.52607685,1.0039556558144922,1.520064,149,1.520064,1.55559718590604,2.2135796,231.78398069999997,2.894403175599773,-1.2139756797559065,69,79,150,1.52600685,1.5512393880000002,2.2195924499999995,232.68590820000009,3.2962382524497347,-1.375851192844614,70,79
Phy001RF3S_HUMAN,HUMAN,2.0590391,1.1153241710208537,4.7089981,2.550733204736749,1.8461351000000001,49,1.8461351000000001,1.861437812244898,3.364986,91.2104528,1.412754021560045,0.9554354055839452,10,38,54,4.606446299999999,4.417520322222222,6.136920000000003,238.54609740000006,11.02215213497202,-2.966755136474787,12,41
Phy0008BIU_HUMAN,HUMAN,1.4975204999999998,0.9621898923704942,3.6993655,2.3769237832030483,1.5563669,71,1.5563669,1.5357514591549297,3.239575,109.03835359999998,10.24055309154352,1.9431834167587376,35,35,86,3.702116,3.5132546244186047,5.441420000000001,302.1398976999999,3.9222849959127712,-1.4765723852952972,37,48
Phy001R6M6_HUMAN,HUMAN,2.2835537,0.924223209368242,2.6584667,1.075961833291943,2.4707816000000005,149,2.4707816000000005,2.5293771046979865,4.681404899999999,376.8771886000001,7.111286551329941,1.9382821656460687,125,23,150,2.83238395,2.8874275906666664,5.056317899999999,433.1141386000001,8.061024603959249,0.8402632016785397,126,23
Phy0024GXH_HUMAN,HUMAN,2.9368914,1.5331199031796632,3.4364798999999997,1.7939157476394458,1.9156306,149,1.9156306,1.798353061744966,2.9777232999999996,267.95460620000017,-0.6873592254156815,-0.04812794692088384,84,64,150,2.41039305,2.2859525413333337,3.4773118000000007,342.89288119999975,-0.3531084959699138,-0.18245675509888035,84,65
Phy0026FWZ_HUMAN,HUMAN,3.0125698,2.07118524533506,3.0572870999999995,2.101929034896789,1.4545148999999995,149,1.4545148999999995,1.5179308818791946,3.2754966000000003,226.17170139999996,0.02018761191956786,0.6046915600734636,122,26,150,1.4921322999999995,1.552528642666667,3.3202139000000006,232.87929640000007,0.08070865057810428,0.5191123662217161,123,26
Phy0007XEU_HUMAN,HUMAN,1.3282573,0.9336533710096336,2.5503612999999996,1.7926898839837064,1.4226450000000002,11,1.4226450000000002,1.6770402818181818,3.2038900000000003,18.4474431,2.8396093115416288,2.0204611274783075,0,10,14,2.6437150000000003,2.784967221428572,4.425994,38.9895411,1.804543361915372,-0.4427366065389599,0,13
Phy0008BXA_HUMAN,HUMAN,0.4954237,1.002798958547764,1.0085636999999998,2.041457903586525,0.49404090000000006,23,0.49404090000000006,0.5968212130434781,1.813239,13.726887900000001,7.753159993292261,2.7909071965207177,2,20,24,1.0071784,1.0850936625,2.326379,26.0422479,6.546399531987934,2.2727424725200542,2,21
Phy00082NO_HUMAN,HUMAN,0.9610534,0.8956077586447905,2.8718497000000003,2.6762829963264414,1.073074,73,1.073074,1.1138060794520548,1.5157700000000005,81.3078438,-0.6347982401022385,0.5162291739298673,12,60,150,3.38235485,3.3615517846666663,5.5698705,504.23276769999984,11.65283023324051,-1.4049110042643096,46,103
Phy00088XP_HUMAN,HUMAN,2.8250319,3.5957211528731907,3.2305974,4.111927871539125,0.7856649,47,0.7856649,0.9898033680851064,2.42232,46.52075829999999,3.738645387658684,1.9862981465388037,7,39,52,3.01488945,3.295871390384616,7.5889315,171.38531229999995,9.668644713332895,2.2890972968848518,7,44
Phy0008ERM_HUMAN,HUMAN,2.1484896,0.9802902307343349,2.3447686,1.0698463478308775,2.19168725,20,2.19168725,2.460252895,3.8798996,49.2050579,-1.2731814917257678,0.14990401696751288,4,15,21,2.3744019,2.539376995238096,4.0761786,53.32691690000001,-0.6384906599555769,-0.20267027017200392,5,15
Phy0008HCH_HUMAN,HUMAN,0.2733636,1.0,0.3377386,1.2354922162277642,0.2733636,7,0.2733636,0.3126684714285714,0.7129766,2.1886793,1.3077962481034708,1.631975404009932,0,6,8,0.31057615,0.3379599125,0.7773515999999999,2.7036792999999997,1.017925977845568,1.1153595352067882,0,7
Phy001R7JN_HUMAN,HUMAN,0.3785111,0.9525245248998588,1.0706861,2.694385366028586,0.3973767500000001,8,0.3973767500000001,0.41131595,0.49437650000000005,3.2905276,-0.9529307483624369,0.442127105032012,0,7,9,1.0741888000000002,1.0577891777777777,1.1865515,9.5201026,2.8961720749711715,-2.003557140342298,0,8
Phy001R4TW_HUMAN,HUMAN,0.6391931,4.131329479021578,1.7470028000000002,11.291492614005435,0.15471849999999998,10,0.15471849999999998,0.14929795,0.2005294,1.4929795,-0.06186631560150069,-0.6472810206786869,1,8,26,1.75177035,1.5094129076923075,2.3651487,39.244735600000006,-0.2692933545786458,-0.9701997338885251,3,22
Phy00087JV_HUMAN,HUMAN,1.4433817,1.4481930317092475,8.0442552,8.071069714913861,0.9966777,38,0.9966777,0.9617919605263155,1.6106009999999995,36.54809449999999,-0.9624975046539666,0.3012392390664853,4,33,145,8.4562199,8.337059831034482,9.716767900000004,1208.8736754999998,22.30209856129565,-4.476953052519583,21,123
Phy003J1TG_HUMAN,HUMAN,1.503914,1.0132963674616782,1.7907905,1.2065859540737585,1.4841798000000002,15,1.4841798000000002,1.35261826,2.106589,20.289273899999998,0.17063557543020558,-0.41007746717404536,2,12,16,1.7366729,1.5549561187499998,2.3934655,24.8792979,0.9117813647133732,-1.0003753504588633,3,12
Phy000892R_HUMAN,HUMAN,0.5256898,1.941873432609552,1.2716948,4.697580867096372,0.27071270000000003,14,0.27071270000000003,0.2448606642857143,0.3885848,3.4280492999999996,-0.1326848486900989,-0.5899488159301234,1,12,32,1.27536665,1.4350226125,2.3199051,45.9207236,1.0458371801227493,-0.24057657699774046,3,28
Phy001RM96_HUMAN,HUMAN,1.2679714999999998,1.0863739851106868,5.501618499999998,4.7136826138471415,1.1671593,27,1.1671593,1.1868189703703704,1.5255439999999996,32.04411220000001,1.0157481870345304,0.4147595769642,3,23,101,5.745342099999999,6.279169011881187,9.116904999999996,634.1960701999998,0.7807867893229159,0.2562901365210337,15,85
Phy0008HMK_HUMAN,HUMAN,1.072396,1.3470711487724671,3.446736,4.329556080995655,0.7960945500000001,16,0.7960945500000001,0.96995595625,1.8125560000000005,15.519295300000005,0.3642104886166329,1.4493710503625394,0,15,26,3.48747715,3.6519903192307686,5.07838,94.95174830000002,3.9897145018655222,-1.9839341366013208,2,23
Phy00248SV_HUMAN,HUMAN,0.17593509999999998,0.2494032138244165,0.5799346,0.8221074307967964,0.7054243499999999,30,0.7054243499999999,0.7916886900000001,1.9494513,23.750660699999997,-1.0995115033575202,0.5748398501961585,24,5,31,1.1003045,1.1701498451612906,2.3534507999999996,36.27464520000001,-1.0572727599410874,0.5999776415928272,25,5
Phy00083U4_HUMAN,HUMAN,0.23778520000000003,0.3179384326986203,0.6390402,0.8544494763316338,0.747897,23,0.747897,0.5761570130434783,1.1821585,13.2516113,-1.568429465036403,0.011207282459996295,4,18,24,0.93900365,0.9534054708333332,1.5834135,22.8817313,-1.5111495260889272,0.019641286194553347,5,18
Phy000868H_HUMAN,HUMAN,1.0635583,1.4531302378050153,1.4508288,1.9822544745862685,0.7319084499999999,14,0.7319084499999999,0.7605084714285714,1.2344,10.6471186,6.0920096941294375,2.600889526654804,0,13,17,1.4381516,1.4412100882352945,1.9401925,24.5005715,5.316563576463325,-1.8714483601830312,0,16
Phy000835L_HUMAN,HUMAN,1.0133745,1.3014664662318491,6.1603425000000005,7.911664625716232,0.7786405000000001,26,0.7786405000000001,0.8814939807692307,1.7678470000000002,22.9188435,4.179374132872039,1.9237811522063544,3,22,150,6.5268519,6.633279092666666,9.169213000000001,994.9918639,1.301586508865478,-0.7949276907474441,22,127
Phy000866E_HUMAN,HUMAN,0.711325,1.010564883500725,0.9363125,1.3302000245777563,0.7038884999999999,6,0.7038884999999999,0.8361299999999999,1.288914,5.016780000000001,-1.4050582282010018,0.4241642315032981,0,5,7,0.9214395000000001,0.9416703571428572,1.5139015,6.591692500000001,-0.8397862104340033,-0.09071010701025516,0,6
Phy0008J8B_HUMAN,HUMAN,0.9552104,2.1801841404742714,1.2871024,2.937698584151065,0.43813290000000005,9,0.43813290000000005,0.8144264666666666,2.8815595000000003,7.329838200000001,2.9329662435808697,2.0836572629094787,3,5,10,0.75633255,1.06487582,3.2134515,10.6487582,3.2611614479614195,2.0707694346888164,3,6
Phy0008311_HUMAN,HUMAN,0.978714,0.9854167058918056,1.827234,1.8397477804276912,0.9931981,9,0.9931981,1.0949277999999998,1.4124759999999996,9.854350199999999,-1.1683711006569293,0.7377617408716878,0,8,10,1.8383797999999998,1.83395502,2.260996,18.3395502,2.4166776908592693,-1.639789256706095,0,9
Phy0007XEJ_HUMAN,HUMAN,3.4129822,1.0195066726955184,3.6538537000000004,1.0914584401299277,3.3476801,18,3.3476801,3.1640982666666666,4.184273,56.95376879999999,7.355727384038907,-2.5239240701490275,1,16,19,3.574291,3.238438278947368,4.4251445,61.530327299999996,3.2062587250411525,-2.0158509915685943,1,17
Phy00083ES_HUMAN,HUMAN,1.0321996999999998,0.5749946710478875,2.6542107,1.4785481998670251,1.79514655,12,1.79514655,1.7488190333333329,1.8385398000000002,20.985828399999995,1.336689874339868,-1.6481551710486897,2,9,31,2.8008330000000004,3.3782360838709677,5.2251340000000015,104.72531859999998,-0.7239264386270343,-0.2260784182271055,5,25
Phy0024E86_HUMAN,HUMAN,1.2725540000000002,1.0690118910240498,3.2930311000000003,2.7663182885850084,1.1904021,29,1.1904021,1.2560396413793102,2.4166990000000004,36.425149600000005,6.2229143701840846,2.237629433072025,4,24,43,3.4567906,3.234850486046511,4.871871099999999,139.0985709,2.5663230134409707,-1.814111114636588,8,34
Phy001R4V5_HUMAN,HUMAN,3.0784928,2.1508469298361144,5.5650948,3.8881582132746666,1.4312932999999997,51,1.4312932999999997,1.4950491352941175,2.602985,76.24750590000002,-1.1643973407152777,0.2929641945286209,8,42,150,5.5834334499999985,5.595454680666666,8.023596099999997,839.3182021000001,-0.3101800491192672,-0.11674872437058993,26,123
Phy001R5P5_HUMAN,HUMAN,4.5402089000000005,0.961207818494206,4.545884300000001,0.9624093576685558,4.723441500000002,59,4.723441500000002,4.314419435593221,5.3529566000000015,254.5507467,4.6712290970753125,-2.510155531736434,25,33,60,4.724365200000001,4.248187845,5.358632000000001,254.89127070000006,3.5368852680244984,-2.2907196499096734,26,33
Phy001RCFD_HUMAN,HUMAN,0.4932679,0.9534651474019088,0.6851724,1.3244081022943508,0.5173423500000001,6,0.5173423500000001,0.7194851,1.2814260000000002,4.3169106,-1.4446409518650756,0.5165713263123125,0,5,7,0.6907435000000001,0.8086060142857142,1.4733305,5.6602421,-1.1321381745537278,0.4310912389123207,0,6
Phy00086A7_HUMAN,HUMAN,2.4484232000000006,1.0052222698881264,2.5069367,1.029245516069219,2.4357033,26,2.4357033,2.050539453846154,2.5868848,53.31402579999999,0.10085828016739873,-1.215095665868516,6,19,27,2.4935894000000003,2.0331070481481484,2.6453982999999996,54.8938903,0.17251839494335064,-1.2132045603235382,7,19
Phy001R8DB_HUMAN,HUMAN,0.0031006999999999996,0.013271516296524887,4.2199097000000005,18.061921615575017,0.2336357,13,0.2336357,0.3078346384615385,0.723429,4.0018503,-1.4538284070239773,0.3275888828359067,0,12,16,4.50256715,4.9088765875,7.943880999999998,78.54202539999999,2.455583021040677,1.988654203928253,1,14
Phy0026DZM_HUMAN,HUMAN,2.6014935,1.4255004949400496,2.9987064999999995,1.6431552106241831,1.8249685,149,1.8249685,1.773066262416107,2.754409799999999,264.1868731,-0.08111635643792736,-0.012906246475486905,60,88,150,2.2203954,2.1584588206666666,3.151622799999999,323.7688231,2.3770752655837537,-0.6196656665827548,60,89
Phy001R5PK_HUMAN,HUMAN,0.7282903999999999,0.5913233301238957,1.6787004,1.362992991268752,1.23162805,20,1.23162805,1.114501205,1.6706235000000005,22.290024100000004,-1.7725218742926423,-0.014949152144959768,1,18,21,2.045747,2.011839719047619,2.6210335,42.248634100000004,-0.6539965966542987,-0.4292500769972112,1,19
Phy001R5N3_HUMAN,HUMAN,1.4476937,1.0688211759963442,1.7035551999999998,1.2577217627172699,1.3544770000000002,25,1.3544770000000002,1.238875464,1.5274020000000001,30.9718866,-0.9656287361090978,-0.7119848718776124,3,21,26,1.5862436999999998,1.447087907692307,1.7832635,37.62428559999999,3.357440418898501,-1.721951406283876,4,21
Phy00262RV_HUMAN,HUMAN,0.051556500000000005,0.4023496441937263,0.06790705,0.5299501984375506,0.12813855,4,0.12813855,0.12872515,0.2168415,0.5149005999999999,-1.9821554222827955,0.0028421101500777732,2,1,5,0.06790705,0.11933067,0.23319205,0.59665335,-1.7423677312687218,0.29618181040817165,3,1
Phy00086DS_HUMAN,HUMAN,0.9328995999999999,1.2676279028813715,4.402009800000001,5.981469443482713,0.7359412,35,0.7359412,0.7965148114285715,1.159573,27.878018399999995,0.6834463027291582,1.098687297071134,4,30,150,1.7217252,2.4865045520000004,5.080237199999999,372.97568280000013,-1.5195557017380854,0.3970833024274086,29,120
Phy00089BP_HUMAN,HUMAN,2.8705684,5.833365813531421,3.2941379,6.694113754933755,0.4920947,11,0.4920947,0.556053,0.951942,6.116583,-0.8163362977896864,0.6271023741248608,0,10,25,2.2297905,2.5181092919999997,4.0320635000000005,62.9527323,-0.9464635677331524,-0.22812534860077724,2,22
Phy0024FCK_HUMAN,HUMAN,0.2368569,1.0130131076271014,0.3689474,1.5779508733962966,0.23381425,4,0.23381425,0.327162025,0.6484293000000001,1.3086481,-0.6873159029923528,1.125473273414803,0,3,5,0.36286209999999997,0.39382012,0.7805198,1.9691006000000002,-0.31122740664524473,0.8313625436878459,0,4
Phy0008DJJ_HUMAN,HUMAN,2.6744926,1.2010643404021109,3.4124875999999995,1.5324840189964941,2.2267688,149,2.2267688,2.2112421791946306,2.9177564,329.4750846999998,0.8247534522982369,-0.4083082357145988,46,102,150,2.95886995,2.9344955646666664,3.6557514,440.17433470000003,9.97481404538736,-1.8834560215412557,46,103
Phy001RF4F_HUMAN,HUMAN,0.2645901,0.9283934823356532,0.3855611,1.3528564080143777,0.2849978,6,0.2849978,0.3392099166666667,0.5630739,2.0352595,-1.248155077745222,0.2739223635393023,0,5,7,0.3863042,0.4117223571428572,0.6840449000000001,2.8820565,-1.0260192811390914,0.044624330411523264,0,6
Phy00086CH_HUMAN,HUMAN,1.4766793,0.9975343323948258,1.5503638000000002,1.0473100816149483,1.4803293000000002,10,1.4803293000000002,1.31949481,1.653648,13.1949481,0.00880916079489813,-1.298897217641903,0,9,11,1.5503638000000002,1.2732252363636365,1.7273325000000002,14.0054776,0.22079672318251164,-1.2653172791460765,0,10
Phy0008088_HUMAN,HUMAN,2.5236593,1.5554515845482495,3.4482392999999996,2.125314333470666,1.62246085,52,1.62246085,1.6347437000000002,2.278456,85.0066724,-0.3194340047148567,0.361173413441166,7,44,150,2.8057272999999996,2.9151046660000004,3.9134206,437.26569990000013,2.3073883122808287,-0.05842259764307954,20,129
Phy0008EA8_HUMAN,HUMAN,1.3273482,1.6624425984663702,1.6064207,2.0119680749468487,0.7984325,39,0.7984325,0.8352879564102563,1.1148243999999998,32.57623029999999,0.1892041715199757,0.11465685854338095,3,35,43,1.6268033000000002,1.6070233627906978,1.9459918999999999,69.10200460000001,12.79942694321874,-3.224287938188477,3,39
Phy0008AQM_HUMAN,HUMAN,2.0095488,2.6548604101821565,6.3449658000000015,8.382477950463183,0.7569319999999999,32,0.7569319999999999,0.7916270249999999,1.022273,25.332064800000005,-0.7400590114627716,0.5475909472876714,4,27,150,5.744717100000001,5.6961085146666655,8.927452000000002,854.4162772000002,-1.0216247067136888,-0.3062166448588827,24,125
Phy001R7P2_HUMAN,HUMAN,3.7084607,0.6963649776061409,8.1460777,1.5296490037331076,5.3254555,42,5.3254555,5.079818380952379,7.1684589999999995,213.352372,-1.7011101001459492,-0.13844521109803878,7,34,141,8.651303,9.106082781560287,12.5338,1283.9576722000004,2.7422178201653202,-0.5232902815846645,36,104
Phy0008BN7_HUMAN,HUMAN,3.8080296,1.0570647441710157,8.752946000000001,2.4297160463859617,3.60245635,38,3.60245635,3.5903520763157886,5.276626000000001,136.4333789,7.356374245672933,2.0908438504809914,4,33,150,5.3474461999999985,5.725752789333332,10.221542400000006,858.8629184000001,-0.3009036142343691,-0.17897648059142407,49,100
Phy00087LD_HUMAN,HUMAN,1.5858092,2.5956666956109054,3.1455291999999995,5.1486303550967,0.6109448499999999,52,0.6109448499999999,0.6542893038461537,0.994132,34.02304379999999,-0.04313540168964503,1.0240216629068326,5,46,150,3.2906955,3.4625828593333328,4.5216108,519.3874288999998,4.5939941546381196,-0.17192249211989336,23,126
Phy0008792_HUMAN,HUMAN,2.6831375,0.7298680910596937,2.9293125,0.7968327089060099,3.6761951,77,3.6761951,3.6103601220779216,5.456131300000003,277.99772939999997,0.26632354984620843,-0.6327519117110647,15,61,78,3.91044475,3.8102484538461536,5.702306300000001,297.1993794,0.4728550796368123,-0.7513379179386526,16,61
Phy0008E2P_HUMAN,HUMAN,1.8140087000000005,3.899315387540436,1.8878147000000003,4.057965603216254,0.4652121,15,0.4652121,0.56261464,1.349745,8.439219600000001,1.7681695068295005,1.6151549031129564,1,13,19,1.9466650000000003,1.9525482421052631,4.921019,37.0984166,2.7476435322658155,0.7574980213368,1,17
Phy0008EIF_HUMAN,HUMAN,1.2031997,1.4932517588094985,1.4465947000000001,1.7953213253456588,0.8057581,149,0.8057581,0.8533381342281878,1.3486374000000008,127.14738199999998,-0.6570511180495102,0.2977639110204273,101,47,150,1.04842325,1.0910442133333331,1.5920324,163.656632,0.24202412221890146,-0.015963574604276675,102,47
Phy0008A3C_HUMAN,HUMAN,0.3666007,0.9621674183858662,5.1793804,13.593621256878002,0.3810155,17,0.3810155,0.4800545647058824,0.946511,8.160927599999999,0.6960236545629049,1.3556022114236836,1,15,26,5.1937952,4.81869525,5.759290699999998,125.28607649999998,4.010859813705824,-2.3963583705947924,5,20
Phy00089A2_HUMAN,HUMAN,0.926633,0.8071312462251451,3.022625,2.632816965423505,1.1480574,41,1.1480574,1.1434804634146345,1.5215026000000003,46.882699,-0.821967066421267,0.058538264275122064,5,35,150,3.36022275,3.4695652433333333,4.756295400000001,520.4347865000002,1.3921430593415678,-0.1781608538510888,27,122
Phy00089S0_HUMAN,HUMAN,0.1572509,1.3140059278249294,0.61448415,5.134697579819658,0.1196729,20,0.1196729,0.24966645000000004,1.0491441000000001,4.993329,3.402276122193584,2.0094238697631317,5,14,63,0.6819286499999999,1.3969811801587302,3.5738578500000004,88.00981434999998,-0.7965029298836128,1.0234535895330188,15,47
Phy001R7QI_HUMAN,HUMAN,0.7469581999999999,0.9967465812147724,1.7518381999999997,2.3376659318974484,0.7493963,24,0.7493963,0.7712815083333333,1.3672799999999998,18.5107562,4.960586685118722,2.0807370017659057,1,22,25,1.7534726999999999,1.745310248,2.37216,43.6327562,4.907149640322071,-0.4506964292313223,1,23
Phy0007ZN7_HUMAN,HUMAN,0.5915505999999999,1.0107672100649108,5.0451571,8.62052944635028,0.5852491,13,0.5852491,0.5741083923076923,0.6358687,7.4634091,-0.5802808972016176,-0.7664463116421758,0,12,15,5.0382346,4.470506706666668,5.089475200000001,67.05760060000001,2.894186636064367,-2.1919917603889485,0,14
Phy00085W9_HUMAN,HUMAN,0.9327566999999999,1.0690281809964313,5.0680165000000015,5.808430494527568,0.8725277000000001,48,0.8725277000000001,0.8898321458333333,1.3368593,42.71194300000001,0.5663805651716856,0.5437460333211735,8,39,150,3.2926188,3.563939491333334,6.651634500000001,534.5909237000003,-1.6215789600793764,-0.07060954413853293,33,116
Phy00088K0_HUMAN,HUMAN,0.46324170000000003,1.23921638389779,1.06122225,2.8388722326959686,0.37381825,42,0.37381825,0.4437270095238096,1.1666537,18.6365344,4.259852868780071,1.8132866485944752,19,22,70,1.1382495499999998,1.1612556585714284,1.91575325,81.28789610000003,4.932534705658748,-1.49466004210376,27,42
Phy001R7VT_HUMAN,HUMAN,1.2084629999999998,1.3128917203264894,4.767755999999999,5.1797592288195355,0.920459,44,0.920459,0.8755948886363636,1.3565326000000002,38.5261751,-1.4439844186316355,-0.0244524277677167,5,38,63,4.8558677,5.1881113444444455,9.406156,326.85101470000006,2.927731344919523,0.3875392869418754,8,54
Phy0008DQH_HUMAN,HUMAN,1.5439457,1.0860908513183596,1.9348997,1.3611080120166394,1.4215622,28,1.4215622,1.3916901535714286,1.6200483,38.96732430000001,2.6530092097306976,-1.4646319529586058,2,25,29,1.8125136000000002,1.7346548379310347,2.0110023,50.30499030000001,11.792214473568055,-3.2688004106746567,2,26
Phy0007ZIW_HUMAN,HUMAN,0.5840309,1.0010277989051837,1.3140558999999998,2.2522891943138115,0.5834312500000001,10,0.5834312500000001,0.61251045,0.8561070000000001,6.1251045,-0.3916053445393848,0.8516145937037035,1,8,11,1.3128566000000002,1.2868526818181822,1.5861319999999999,14.1553795,1.9506458880102064,-1.2584935797290322,1,9
Phy00081PV_HUMAN,HUMAN,1.0999069,1.2995087086858597,2.5762171000000005,3.0437272071985646,0.8464021,61,0.8464021,0.9016822295081968,1.5700251,55.00261599999998,-0.9543994487376946,0.5505855687825326,29,31,150,2.11476395,2.1055299413333333,3.2625781999999983,315.82949119999995,0.38579771759550097,-0.4260812944718684,69,80
Phy00085UB_HUMAN,HUMAN,2.7684625,1.3251144174138236,3.4276975,1.6406548312586209,2.08922525,90,2.08922525,1.9839847777777784,2.9064611000000005,178.55863000000005,0.4379500957209328,-1.0443830987456908,21,68,95,3.5335673000000005,3.3371733463157893,4.351946099999998,317.03146789999994,1.7484528079767625,-1.3416756430705266,22,72
Phy00087AF_HUMAN,HUMAN,2.0013331,1.297508627547339,2.0514776,1.3300184188329816,1.5424429999999998,149,1.5424429999999998,1.5347095724832218,2.228768,228.6717263,2.5092279554810064,-1.1620720307506198,38,110,150,1.59201165,1.5746226753333332,2.2789125,236.19340129999992,2.7739640040025035,-1.2889819656178505,39,110
Phy000867H_HUMAN,HUMAN,4.4773443,1.0041780642877975,4.668740799999999,1.0471044407296224,4.4587155,149,4.4587155,4.3193744939597325,5.3951986000000005,643.5867995999996,6.79972927973696,-2.346275105950754,57,91,150,4.64885975,4.4819751640000005,5.586595100000001,672.2962746000001,8.334580008026318,-2.6053293208743042,57,92
Phy00085Y5_HUMAN,HUMAN,0.7963578,2.3995288671327573,3.001179,9.042939801597498,0.33188090000000003,24,0.33188090000000003,0.4618261416666667,0.7695152000000001,11.0838274,-1.4949795689468195,0.5901606024855477,1,22,150,3.0041061,3.1157092146666665,4.484525799999998,467.35638220000055,3.6279796174790864,-0.5057103557182129,35,114
Phy0008FCY_HUMAN,HUMAN,0.8773086999999999,2.00377087987692,3.8814599,8.865244718341426,0.43782885,26,0.43782885,0.43361055384615377,0.6553197,11.2738744,2.7865244311125705,1.0062977511606623,3,22,126,4.7310838,5.063999757936508,9.1154432,638.0639695000001,1.5250593796804852,0.9230636413814172,22,103
Phy00082PI_HUMAN,HUMAN,1.3546757,1.483112338660605,2.8355597,3.1043987709226384,0.9134006,43,0.9134006,0.906558430232558,1.2048134,38.9820125,0.28343420982118506,-0.3679972807942682,8,34,68,2.8833234,3.0324819132352943,4.758519000000001,206.20877009999995,4.47210427330178,0.41686484178445293,11,56
Phy0007ZFQ_HUMAN,HUMAN,0.8049907,0.500377214186983,2.9835432,1.8545519032984064,1.6087677,23,1.6087677,1.6291637782608697,2.5148307,37.4707669,0.8855805702259647,0.35348781565508325,12,10,46,3.63199625,3.467020419565217,4.875927399999999,159.48293930000003,2.4053680915715656,-0.978717466845866,19,26
Phy001R6UR_HUMAN,HUMAN,2.2395019,3.3885018900395383,3.1714669,4.798621329523245,0.6609121,30,0.6609121,0.9241179333333336,1.9665290000000002,27.723538,-0.5690067364653744,0.8297387217640401,4,25,49,3.619966,3.560046459183673,4.523557,174.44227650000005,6.490955009140588,-1.7321673808332194,8,40
Phy000830U_HUMAN,HUMAN,1.6699929,0.8091764194038326,2.5105729,1.216470075935231,2.06381805,46,2.06381805,3.8288599543478257,7.291249,176.12755790000003,-1.7774941164605242,0.4418203876746511,5,40,47,2.9016872000000005,4.587974848936169,8.131829,215.6348179,-1.6996438114697734,0.4334749493804541,5,41
Phy0008GIQ_HUMAN,HUMAN,2.0842989000000003,0.9383499312815771,2.4750899000000004,1.1142837707109692,2.2212384000000003,149,2.2212384000000003,2.1484545644295303,2.6350738,320.11973010000014,4.610709868604504,-2.049845693314213,42,106,150,2.6078689000000006,2.5249225340000008,3.0258648,378.7383800999999,6.6119373282810265,-2.352329158501695,43,106
Phy0008FVM_HUMAN,HUMAN,0.9489037,0.7348631008197807,1.1464457000000001,0.8878463030795475,1.29126595,30,1.29126595,1.3364626900000005,1.9049169000000004,40.0938807,-0.8777551164266968,0.210887806705305,4,25,31,1.4853947,1.4908929903225805,2.1024589,46.21768269999999,0.7077196563017139,-0.5114542631541409,5,25
Phy0008I1W_HUMAN,HUMAN,1.6569173999999998,1.4769288118696444,5.6117904,5.002189564750469,1.1218667999999998,15,1.1218667999999998,1.150100473333333,1.842804,17.251507099999998,7.618272938362927,2.8527837583924085,0,14,28,5.53653555,4.485516228571429,6.3223590000000005,125.5944544,-0.034885467165161284,-1.1167386943049509,1,26
Phy0008HDK_HUMAN,HUMAN,1.0522989,0.8699825689141337,1.1205243999999999,0.9263876414229536,1.2095631999999998,34,1.2095631999999998,1.0171666470588236,1.8988333,34.58366600000001,-0.4752985978160185,-0.796765351743889,5,28,35,1.2748513000000001,1.0563302428571428,1.9670588,36.9715585,-0.6428493976162479,-0.7494961132265707,6,28
Phy00082YG_HUMAN,HUMAN,4.5697229,1.3628547866668157,5.4038179,1.6116117437428907,3.35305195,86,3.35305195,3.431795801162792,6.591352500000002,295.13443890000013,0.9308342648396536,0.7842055919959302,13,72,87,4.185156500000001,4.2264448724137935,7.4254475000000015,367.7007039,1.1044399033376298,0.5095463731728229,13,73
Phy0008EWH_HUMAN,HUMAN,0.7667069999999999,1.2632036278178391,2.31546345,3.8148886473184813,0.6069544,14,0.6069544,0.6313950214285714,0.8473790000000001,8.839530300000002,1.72451273363113,1.4674787277953285,2,11,28,2.3773235,2.599344439285715,4.37290445,72.7816443,1.5056764886985017,-0.5774224894157796,3,24
Phy0008DV2_HUMAN,HUMAN,0.6331566,0.31170053725506264,1.4627761000000001,0.7201189978180204,2.03129775,18,2.03129775,2.2579141222222225,5.1137000000000015,40.6424542,1.0264577903465568,1.051301992382771,1,16,31,1.7805806,2.2267313,5.6667955,69.0286703,1.6450474109920172,1.23096170019603,1,29
Phy00081IS_HUMAN,HUMAN,1.0069129,0.7452084392127816,2.12689275,1.5740968524690475,1.3511829,122,1.3511829,1.4349889893442624,4.775469999999999,175.0686567,2.481838004654617,1.2290192908880715,74,47,138,2.84962115,2.886298533333333,6.30034485,398.3091976,1.9048293014155968,0.24613641885490745,80,57
Phy0008GQZ_HUMAN,HUMAN,1.6580959,1.0749737884942183,3.5059879999999994,2.272995912223936,1.5424524000000002,26,1.5424524000000002,1.5635851538461538,2.213623,40.653214,-0.11000997536658597,-0.2164903570370723,5,20,143,3.0612504999999994,2.8530191181818174,4.2017541,407.9817338999998,1.0490424000792018,-0.9450134236376908,42,100
Phy0008D0P_HUMAN,HUMAN,2.7882435000000005,1.1210398594174746,3.951343500000001,1.5886752938723434,2.4871939000000003,149,2.4871939000000003,2.507217383892617,3.4182119999999987,373.57539019999996,0.17399129203597766,-0.2787977065439695,63,85,150,3.6486116000000006,3.6536026013333336,4.5813120000000005,548.0403901999998,8.966036038976801,-1.721231657695693,63,86
Phy003J1K3_HUMAN,HUMAN,2.9428084,0.9519568378023736,3.1043884,1.0042256793117657,3.0913254500000003,12,3.0913254500000003,2.7949302916666667,4.011991499999999,33.5391635,2.6126006087513955,-1.632631443241746,0,11,13,3.2385029,2.7415156538461534,4.1735715,35.6397035,0.7017675094979325,-1.3433854799114642,1,11
Phy00083V2_HUMAN,HUMAN,1.7074884999999997,1.3525233999015642,1.73310925,1.3728179224696682,1.26244655,22,1.26244655,1.2473677363636364,1.7886329,27.4420902,4.196775558511568,-1.6636152771155341,3,18,23,1.27915685,1.2187551065217392,1.81425365,28.03136745,2.4590837864877253,-1.6032175038986023,4,18
Phy001R4WP_HUMAN,HUMAN,0.6258659000000001,0.7704483536047135,0.9807584,1.2073252346293242,0.81233985,10,0.81233985,0.8024862299999999,1.0235408999999998,8.024862299999999,-0.834106461407508,0.0028268943759515853,6,3,11,1.1665892,1.0844254363636363,1.3784333999999998,11.9286798,2.729829823977421,-1.7670917648685485,7,3
Phy0024I2T_HUMAN,HUMAN,2.1390444,0.9991190512517584,2.3865204,1.1147117833743734,2.14093045,12,2.14093045,1.7972276833333336,2.1932501,21.566732199999997,-0.11215050649680648,-1.217632406524825,0,11,13,2.3865204,1.9064554,2.4407261,24.7839202,-0.17515240793979325,-1.1310331172420445,0,12
Phy0007YOM_HUMAN,HUMAN,0.7098544,0.5196690229949829,2.258681,1.6535314122548668,1.3659740500000002,14,1.3659740500000002,1.3354156642857142,1.928748,18.6958193,-0.4430922872480627,0.2520288200778053,2,11,46,2.2454612999999997,2.3929423760869564,3.844005,110.07534929999996,0.220869908432904,-0.06549035736645294,7,38
Phy00081ZS_HUMAN,HUMAN,3.1418216,0.8436211370725359,4.456271599999999,1.1965685493715017,3.7242092,115,3.7242092,3.6862045400000008,6.287532,423.91352209999985,-0.005363995746959116,0.2527618229670632,21,93,150,5.61696785,5.389558868666668,8.319747999999997,808.4338303000002,0.9747828318485898,-0.06002576754872702,28,121
Phy0008283_HUMAN,HUMAN,3.941268200000001,1.960204147760389,3.994398200000001,1.986628547493072,2.0106417000000003,149,2.0106417000000003,2.3169629295302014,4.9966363,345.22747649999985,-0.1207538676657065,0.7268233333511704,82,66,150,2.0623628000000003,2.35464651,5.049766299999999,353.1969765,-0.11317027197537,0.6901036856064283,83,66
